date,open,high,close,low,volume,price_change,p_change,ma5,ma10,ma20,v_ma5,v_ma10,v_ma20
2016-10-19,3323.303,3332.52,3316.24,3309.831,101167728.0,-5.092,-0.15,3304.789,3292.205,3273.349,90736484.8,79101521.2,70338711.2
2016-10-18,3272.681,3321.332,3321.332,3272.681,102860712.0,43.454,1.33,3301.542,3283.67,3270.668,84236896.0,73457498.0,71426208.8
2016-10-17,3305.963,3309.009,3277.878,3271.541,86113512.0,-27.97,-0.85,3298.587,3275.612,3270.503,81207385.6,69017482.0,70416025.2
2016-10-14,3298.734,3306.685,3305.848,3285.729,82316272.0,3.203,0.1,3301.785,3269.853,3273.587,80088536.0,67451349.2,69706157.6
2016-10-13,3299.155,3307.409,3302.645,3292.397,81224200.0,2.636,0.08,3291.273,3266.834,3275.336,72620886.4,65019120.4,70737349.2
2016-10-12,3299.138,3302.561,3300.009,3289.753,68669784.0,-6.548,-0.2,3279.621,3265.682,3277.335,67466557.6,64472054.8,71590339.2
2016-10-11,3296.867,3308.004,3306.557,3292.877,87713160.0,12.689,0.39,3265.797,3262.345,3278.318,62678100.0,63519374.4,72071474.0
2016-10-10,3265.364,3294.64,3293.868,3258.958,80519264.0,40.584,1.25,3252.637,3257.429,3278.696,56827578.4,60026479.2,71825406.0
2016-09-30,3240.177,3260.94,3253.284,3239.036,44978024.0,8.897,0.27,3237.92,3254.355,3279.082,54814162.4,57857660.8,72046803.6
2016-09-29,3234.857,3257.766,3244.387,3234.803,55452556.0,13.497,0.42,3242.396,3252.899,3282.807,57417354.4,60403128.0,73776442.8
2016-09-28,3243.647,3243.647,3230.89,3227.996,44727496.0,-9.864,-0.3,3251.743,3254.494,3286.187,61477552.0,61575901.2,74790114.2
2016-09-27,3214.87,3240.775,3240.754,3214.441,58460552.0,20.471,0.64,3258.892,3257.665,3290.032,64360648.8,69394919.6,76405556.2
2016-09-26,3267.69,3267.69,3220.283,3220.283,70452184.0,-55.383,-1.69,3262.222,3265.394,3293.349,63225380.0,71814568.4,77559063.0
2016-09-23,3292.278,3293.916,3275.666,3275.025,57993984.0,-15.455,-0.47,3270.79,3277.322,3297.783,60901159.2,71960966.0,79065911.4
2016-09-22,3281.471,3303.199,3291.121,3277.979,75753544.0,24.485,0.75,3263.403,3283.838,3300.493,63388901.6,76455578.0,80225783.8
2016-09-21,3257.709,3270.902,3266.636,3254.321,59142980.0,9.233,0.28,3257.245,3288.988,3303.028,61674250.4,78708623.6,81084332.2
2016-09-20,3264.664,3265.035,3257.403,3252.388,52784208.0,-5.721,-0.17,3256.439,3294.292,3306.536,74429190.4,80623573.6,83524733.6
2016-09-19,3242.742,3264.899,3263.124,3242.742,58831080.0,24.395,0.75,3268.567,3299.963,3311.917,80403756.8,83624332.8,86883598.4
2016-09-14,3245.737,3254.995,3238.729,3231.335,70432696.0,-21.604,-0.66,3283.855,3303.809,3316.985,83020772.8,86235946.4,91061053.2
2016-09-13,3265.337,3269.222,3260.333,3246.385,67180288.0,-2.271,-0.07,3304.272,3312.715,3323.701,89522254.4,87149757.6,94481802.4
2016-09-12,3271.87,3276.716,3262.604,3234.573,122917680.0,-55.44,-1.67,3320.731,3317.88,3329.596,95742996.8,88004327.2,100942275.2
2016-09-09,3339.373,3344.951,3318.044,3318.044,82657040.0,-21.52,-0.64,3332.146,3322.398,3336.137,86817956.8,83416192.8,105823562.4
2016-09-08,3338.008,3343.395,3339.564,3328.226,71916160.0,-1.253,-0.04,3331.36,3321.303,3334.947,86844908.8,83303557.6,107503412.8
2016-09-07,3344.065,3357.356,3340.817,3337.75,102940104.0,-1.808,-0.05,3323.762,3318.243,3329.637,89451120.0,86170856.8,108959665.6
2016-09-06,3322.018,3347.951,3342.625,3300.125,98284000.0,22.945,0.69,3321.158,3317.148,3324.763,84777260.8,83995989.6,108334178.8
2016-09-05,3321.005,3338.419,3319.68,3314.629,78292480.0,5.566,0.17,3315.03,3317.069,3320.481,80265657.6,83460040.8,107973241.6
2016-09-02,3298.721,3320.425,3314.114,3295.755,82791800.0,12.538,0.38,3312.65,3318.78,3316.206,80014428.8,86425893.6,108392420.0
2016-09-01,3326.738,3329.345,3301.576,3301.212,84947216.0,-26.217,-0.79,3311.245,3323.87,3310.756,79762206.4,90142864.0,108112648.4
2016-08-31,3310.565,3333.972,3327.793,3304.655,79570808.0,15.806,0.48,3312.725,3330.161,3305.741,82890593.6,95886160.0,107540506.4
2016-08-30,3310.318,3325.121,3311.987,3304.596,75725984.0,4.206,0.13,3313.139,3334.687,3299.027,83214718.4,101813847.2,107205171.2
2016-08-29,3306.574,3315.078,3307.781,3297.069,77036336.0,0.691,0.02,3319.107,3341.313,3292.88,86654424.0,113880223.2,106527254.0
2016-08-26,3312.499,3328.945,3307.09,3301.735,81530688.0,-1.882,-0.06,3324.91,3349.877,3286.331,92837358.4,128230932.0,107025612.0
2016-08-25,3314.084,3315.081,3308.972,3279.806,100589152.0,-20.891,-0.63,3336.495,3348.591,3281.174,100523521.6,131703268.0,107351319.6
2016-08-24,3341.93,3348.129,3329.863,3323.725,81191432.0,-11.966,-0.36,3347.598,3341.03,3276.782,108881726.4,131748474.4,107960860.4
2016-08-23,3332.621,3359.647,3341.829,3324.96,92924512.0,5.035,0.15,3356.235,3332.377,3271.201,120412976.0,132672368.0,111910722.4
2016-08-22,3364.681,3372.833,3336.794,3335.469,107951008.0,-28.225,-0.84,3363.518,3323.893,3267.589,141106022.4,132486442.4,111317051.2
2016-08-19,3358.555,3374.045,3365.019,3341.192,119961504.0,0.534,0.02,3374.844,3313.632,3262.293,163624505.6,130358946.4,109429660.0
2016-08-18,3369.947,3394.791,3364.485,3349.687,142380176.0,-8.562,-0.25,3360.687,3297.641,3255.3,162883014.4,126082432.8,107733041.2
2016-08-17,3377.771,3394.388,3373.047,3356.924,138847680.0,-5.198,-0.15,3334.462,3281.321,3249.702,154615222.4,119194852.8,104914273.6
2016-08-16,3403.383,3418.688,3378.245,3372.02,196389744.0,-15.178,-0.45,3308.52,3263.367,3242.93,144931760.0,112596495.2,101606952.4
2016-08-15,3303.468,3417.914,3393.423,3302.377,220543424.0,99.19,3.01,3284.267,3244.448,3236.43,123866862.4,99174284.8,96231808.4
2016-08-12,3231.806,3294.233,3294.233,3231.136,116254048.0,60.873,1.88,3252.419,3222.786,3229.86,97093387.2,85820292.0,90720263.2
2016-08-11,3239.558,3274.026,3233.36,3232.612,101041216.0,-9.98,-0.31,3234.595,3213.756,3228.962,89281851.2,82999371.2,90040812.0
2016-08-10,3255.182,3261.86,3243.34,3242.75,90430368.0,-13.641,-0.42,3228.18,3212.534,3231.132,83774483.2,84173246.4,90365041.2
2016-08-09,3232.603,3257.333,3256.981,3229.174,91065256.0,22.798,0.7,3218.214,3210.024,3233.108,80261230.4,91149076.8,94603327.6
2016-08-08,3199.572,3234.479,3234.183,3187.252,86676048.0,29.073,0.91,3204.628,3211.285,3233.918,74481707.2,90147660.0,98676776.0
2016-08-05,3201.354,3224.873,3205.11,3192.861,77196368.0,3.822,0.12,3193.153,3210.955,3232.376,74547196.8,88500373.6,101269448.8
2016-08-04,3190.546,3201.553,3201.288,3170.418,73504376.0,7.781,0.24,3192.917,3212.96,3231.734,76716891.2,89383649.6,101896373.2
2016-08-03,3179.684,3197.157,3193.507,3173.535,72864104.0,4.455,0.14,3196.887,3218.083,3232.167,84572009.6,90633694.4,104150914.4
2016-08-02,3173.757,3189.052,3189.052,3165.542,62167640.0,12.243,0.39,3201.834,3222.493,3233.332,102036923.2,90617409.6,106752582.0
2016-08-01,3196.425,3199.975,3176.809,3156.748,87003496.0,-27.121,-0.85,3217.941,3228.411,3234.249,105813612.8,93289332.0,110155544.8
2016-07-29,3217.192,3225.418,3203.93,3198.683,88044840.0,-17.206,-0.53,3228.756,3236.933,3235.643,102453550.4,95620234.4,112470896.4
2016-07-28,3204.464,3235.781,3221.136,3195.269,112779968.0,2.893,0.09,3233.003,3244.167,3233.157,102050408.0,97082252.8,111655968.4
2016-07-27,3270.083,3276.511,3218.243,3157.409,160188672.0,-51.345,-1.57,3239.28,3249.73,3229.796,96695379.2,96556836.0,110001600.8
2016-07-26,3228.234,3269.745,3269.588,3228.007,81051088.0,38.703,1.2,3243.152,3256.193,3226.453,79197896.0,98057578.4,107178350.4
2016-07-25,3220.165,3243.79,3230.885,3218.141,70203184.0,5.723,0.18,3238.882,3256.552,3219.794,80765051.2,107205892.0,107727028.0
2016-07-22,3251.242,3253.769,3225.162,3220.893,86029128.0,-27.36,-0.84,3245.109,3253.796,3214.277,88786918.4,114038524.0,108380231.6
2016-07-21,3238.336,3271.373,3252.522,3238.303,86004824.0,14.917,0.46,3255.332,3250.508,3206.876,92114097.6,114409096.8,109318385.6
2016-07-20,3246.862,3254.507,3237.605,3232.256,72701256.0,-10.629,-0.33,3260.18,3246.251,3200.116,96418292.8,117668134.4,108405731.2
2016-07-19,3260.434,3264.73,3248.234,3226.198,88886864.0,-13.788,-0.42,3269.233,3244.171,3194.934,116917260.8,122887754.4,108095024.0
2016-07-18,3269.707,3281.637,3262.022,3251.765,110312520.0,-14.255,-0.43,3274.222,3240.086,3187.838,133646732.8,127021757.6,108048948.0
2016-07-15,3278.835,3285.026,3276.277,3265.29,102665024.0,-0.486,-0.01,3262.484,3234.353,3180.371,139290129.6,129321558.4,105712679.0
2016-07-14,3277.481,3281.95,3276.763,3259.065,107525800.0,-6.105,-0.19,3245.684,3222.146,3172.075,136704096.0,126229684.0,104849577.0
2016-07-13,3274.02,3300.991,3282.868,3271.775,175196096.0,9.686,0.3,3232.323,3209.862,3162.97,138917976.0,123446365.6,103622022.2
2016-07-12,3201.906,3273.473,3273.182,3200.303,172534224.0,69.853,2.18,3219.11,3196.714,3154.645,128858248.0,116299122.4,99231880.2
2016-07-11,3199.038,3235.962,3203.329,3197.625,138529504.0,11.049,0.35,3205.95,3183.035,3144.785,120396782.4,108248164.0,93919141.8
2016-07-08,3199.754,3204.928,3192.28,3183.959,89734856.0,-17.674,-0.55,3206.223,3174.757,3137.936,119352987.2,102721939.2,91641463.8
2016-07-07,3206.55,3220.54,3209.954,3190.123,118595200.0,-6.849,-0.21,3198.607,3163.245,3136.521,115755272.0,104227674.4,90969309.8
2016-07-06,3197.624,3217.515,3216.803,3183.451,124897456.0,9.421,0.29,3187.4,3153.981,3134.876,107974755.2,99143328.0,88485965.4
2016-07-05,3199.157,3216.702,3207.382,3197.995,130226896.0,2.686,0.08,3174.318,3145.697,3132.975,103739996.8,93302293.6,86075780.2
2016-07-04,3136.385,3210.601,3204.696,3134.023,133310528.0,50.496,1.6,3160.121,3135.59,3132.072,96099545.6,89076138.4,84639024.6
2016-07-01,3156.932,3170.258,3154.2,3148.294,71746280.0,0.279,0.01,3143.291,3126.388,3130.193,86090891.2,82103799.6,82273669.4
2016-06-30,3152.833,3163.72,3153.921,3148.198,79692616.0,2.532,0.08,3127.882,3122.004,3130.51,92700076.8,83469470.0,84343779.4
2016-06-29,3142.484,3158.076,3151.389,3139.132,103723664.0,14.988,0.48,3120.561,3116.079,3131.292,90311900.8,83797678.8,87302303.8
2016-06-28,3107.397,3139.43,3136.401,3099.701,92024640.0,15.857,0.51,3117.075,3112.577,3127.058,82864590.4,82164638.0,85271049.6
2016-06-27,3065.128,3120.64,3120.544,3064.966,83267256.0,43.389,1.41,3111.059,3106.535,3123.363,82052731.2,79590119.6,83693255.2
2016-06-24,3110.646,3130.539,3077.155,3033.965,104792208.0,-40.161,-1.29,3109.485,3101.115,3120.546,78116708.0,80560988.4,82549541.4
2016-06-23,3129.72,3129.72,3117.316,3102.481,67751736.0,-16.645,-0.53,3116.125,3109.798,3119.65,74238863.2,77710945.2,80142571.2
2016-06-22,3100.449,3134.06,3133.961,3096.991,66487112.0,27.644,0.89,3111.597,3115.771,3116.962,77283456.8,77828602.8,79691703.6
2016-06-21,3124.898,3155.492,3106.317,3097.94,87965344.0,-6.357,-0.2,3108.078,3120.254,3114.625,81464685.6,78849266.8,79352208.8
2016-06-20,3114.906,3118.725,3112.674,3089.712,63587140.0,2.317,0.07,3102.011,3128.555,3113.22,77127508.0,80201910.8,77757983.6
2016-06-17,3096.09,3131.048,3110.357,3096.09,85402984.0,15.683,0.51,3092.745,3133.997,3110.711,83005268.8,82443539.2,77600835.0
2016-06-16,3104.361,3112.475,3094.674,3089.477,82974704.0,-21.694,-0.7,3103.47,3139.016,3108.595,81183027.2,85218088.8,77466454.2
2016-06-15,3043.957,3128.673,3116.368,3042.232,87393256.0,40.385,1.31,3119.946,3146.505,3108.162,78373748.8,90806928.8,76581625.2
2016-06-14,3058.443,3078.749,3075.983,3055.655,66279456.0,9.642,0.31,3132.43,3141.539,3107.109,76233848.0,88377461.2,75185055.2
2016-06-13,3134.045,3145.605,3066.341,3065.767,92975944.0,-97.645,-3.09,3155.099,3140.191,3107.057,83276313.6,87796390.8,75002570.2
2016-06-08,3171.813,3174.971,3163.986,3148.351,76291776.0,-13.067,-0.41,3175.25,3139.978,3108.247,81881809.6,84538094.4,74292059.4
2016-06-07,3182.437,3186.616,3177.053,3168.179,68928312.0,-1.735,-0.06,3174.562,3129.502,3104.188,89253150.4,82574197.2,74567183.4
2016-06-06,3192.779,3197.22,3178.788,3168.554,76693752.0,-10.537,-0.33,3173.064,3118.152,3098.791,103240108.8,81554804.4,74563264.6
2016-06-03,3172.946,3201.749,3189.325,3162.088,101491784.0,22.226,0.7,3150.648,3108.995,3093.132,100521074.4,79855150.8,75690101.0
2016-06-02,3158.025,3168.824,3167.099,3151.065,86003424.0,6.552,0.21,3125.283,3097.884,3090.184,92316468.0,75314056.4,76049523.8
2016-06-01,3172.961,3181.792,3160.547,3159.817,113148480.0,-9.012,-0.28,3104.705,3087.425,3092.525,87194379.2,72758130.8,75486036.6
2016-05-31,3068.596,3170.926,3169.559,3068.596,138863104.0,102.85,3.35,3084.441,3078.173,3094.97,75895244.0,69714819.6,74371733.0
2016-05-30,3056.313,3075.261,3066.709,3037.664,63098580.0,4.21,0.14,3063.24,3069.82,3097.169,59869500.0,62356321.6,72336819.4
2016-05-27,3059.732,3073.756,3062.499,3052.179,60468752.0,-1.712,-0.06,3067.342,3072.68,3101.671,59189227.2,61992649.2,72083379.2
2016-05-26,3056.6,3072.524,3064.211,3027.444,60392980.0,4.986,0.16,3070.486,3073.923,3106.575,58311644.8,62208749.6,72553474.4
2016-05-25,3079.748,3089.102,3059.225,3054.869,56652804.0,-4.33,-0.14,3070.144,3076.516,3111.661,58321882.4,64046024.4,72534032.8
2016-05-24,3083.244,3083.257,3063.555,3052.59,58734384.0,-23.667,-0.77,3071.906,3078.874,3117.657,63534395.2,66560169.6,72652429.4
2016-05-23,3078.515,3098.478,3087.222,3076.503,59697216.0,9.004,0.29,3076.4,3079.43,3122.581,64843143.2,67571724.8,73091677.8
2016-05-20,3047.777,3078.531,3078.218,3041.516,56080840.0,15.718,0.51,3078.017,3077.269,3126.965,64796071.2,71525051.2,73960741.8
2016-05-19,3060.342,3086.977,3062.5,3058.145,60444168.0,-5.535,-0.18,3077.36,3082.483,3131.084,66105854.4,76784991.2,76394332.2
2016-05-18,3071.529,3072.612,3068.035,3039.461,82715368.0,-17.989,-0.58,3082.888,3097.625,3137.011,69770166.4,78213942.4,81482516.6
2016-05-17,3095.522,3105.201,3086.024,3073.459,65278124.0,-9.284,-0.3,3085.842,3111.767,3145.524,69585944.0,79028646.4,81390320.2
2016-05-16,3064.526,3095.555,3095.308,3053.661,59461856.0,20.373,0.66,3082.46,3124.519,3152.646,70300306.4,82317317.2,82980917.6
2016-05-13,3081.679,3103.095,3074.935,3064.691,62629756.0,-15.202,-0.49,3076.521,3130.663,3161.49,78254031.2,82174109.2,84998201.2
2016-05-12,3059.383,3095.348,3090.137,3035.022,78765728.0,7.329,0.24,3087.605,3139.227,3171.535,87464128.0,82898199.2,87524579.8
2016-05-11,3080.636,3102.876,3082.808,3063.088,81794256.0,13.696,0.45,3112.362,3146.805,3180.098,86657718.4,81022041.2,93366987.0
2016-05-10,3055.211,3084.724,3069.112,3055.183,68849936.0,3.497,0.11,3137.692,3156.441,3186.88,88471348.8,78744689.2,93920746.2
2016-05-09,3115.43,3115.43,3065.615,3055.005,99230480.0,-64.739,-2.07,3166.578,3165.733,3194.929,94334328.0,78611630.8,96738885.0
2016-05-06,3213.136,3216.893,3130.354,3130.147,108680240.0,-83.566,-2.6,3184.804,3176.661,3200.934,86094187.2,76396432.4,96827642.2
2016-05-05,3204.169,3217.282,3213.92,3196.566,74733680.0,4.459,0.14,3190.849,3179.686,3204.881,78332270.4,76003673.2,97014103.4
2016-05-04,3203.465,3222.882,3209.461,3198.292,90862408.0,-4.079,-0.13,3181.249,3176.397,3207.062,75386364.0,84751090.8,99287234.6
2016-05-03,3159.823,3218.485,3213.54,3151.405,98164832.0,56.795,1.8,3175.189,3179.281,3209.813,69018029.6,83751994.0,102046503.0
2016-04-29,3153.537,3171.289,3156.745,3149.397,58029776.0,-3.836,-0.12,3164.887,3180.772,3210.231,62888933.6,83644518.0,103044368.2
2016-04-28,3169.333,3174.766,3160.581,3135.643,69870656.0,-5.335,-0.17,3168.518,3192.318,3213.298,66698677.6,87822293.2,106220483.0
2016-04-27,3181.931,3188.826,3165.916,3162.691,60004148.0,-13.245,-0.42,3168.523,3203.843,3216.082,73675076.0,92150960.4,108617075.8
2016-04-26,3159.771,3181.095,3179.161,3150.404,59020736.0,17.128,0.54,3171.545,3213.39,3214.557,94115817.6,105711932.8,110481605.6
2016-04-25,3164.738,3172.269,3162.033,3137.113,67519352.0,-12.868,-0.41,3183.373,3217.319,3214.086,98485958.4,109096803.2,112702665.6
2016-04-22,3142.561,3175.38,3174.901,3137.993,77078496.0,14.298,0.45,3196.657,3224.125,3215.875,104400102.4,114866139.2,114196464.4
2016-04-21,3160.796,3198.557,3160.603,3150.94,104752648.0,-20.423,-0.64,3216.118,3225.208,3216.222,108945908.8,117258852.0,116999095.6
2016-04-20,3244.142,3248.422,3181.026,3107.369,162207856.0,-57.277,-1.77,3239.164,3230.076,3219.997,110626844.8,118024533.6,118045427.6
2016-04-19,3243.971,3250.725,3238.303,3221.577,80871440.0,9.85,0.3,3255.235,3237.727,3222.235,117308048.0,113823378.4,117986079.6
2016-04-18,3252.671,3252.671,3228.453,3221.662,97090072.0,-43.752,-1.34,3251.265,3240.345,3222.792,119707648.0,120341012.0,125605981.2
2016-04-15,3279.857,3282.985,3272.205,3261.73,99807528.0,-3.627,-0.11,3251.593,3239.689,3219.967,125332176.0,122444218.4,130616605.6
2016-04-14,3277.098,3286.072,3275.832,3252.05,113157328.0,14.449,0.44,3234.297,3234.277,3212.567,125571795.2,124618672.8,131709318.0
2016-04-13,3237.858,3296.523,3261.383,3237.858,195613872.0,42.933,1.33,3220.989,3228.322,3203.277,125422222.4,125083191.2,132288274.0
2016-04-12,3227.367,3232.264,3218.45,3198.903,92869440.0,-11.646,-0.36,3220.218,3215.724,3193.947,110338708.8,115251278.4,127423177.6
2016-04-11,3213.507,3251.572,3230.096,3213.507,125212712.0,44.37,1.39,3229.425,3210.852,3186.309,120974376.0,116308528.0,128635138.4
2016-04-08,3189.846,3197.774,3185.726,3163.305,101005624.0,-23.564,-0.73,3227.785,3207.624,3175.718,119556260.8,113526789.6,126041181.2
2016-04-07,3266.288,3270.82,3209.29,3208.644,112409464.0,-48.238,-1.48,3234.257,3207.237,3167.089,123665550.4,116739339.2,124794510.0
2016-04-06,3250.522,3267.64,3257.528,3236.196,120196304.0,-6.958,-0.21,3235.654,3209.917,3160.22,124744160.0,118066321.6,124747349.2
2016-04-05,3211.305,3271.93,3264.486,3205.207,146047776.0,42.591,1.32,3211.231,3206.743,3152.727,120163848.0,122148780.8,125549321.2
2016-04-01,3213.674,3222.612,3221.895,3165.856,118122136.0,3.807,0.12,3192.279,3205.238,3144.745,111642680.0,130870950.4,124870034.4
2016-03-31,3229.2,3241.927,3218.088,3208.665,121552072.0,1.813,0.06,3187.464,3200.245,3138.345,107497318.4,138788992.8,129922554.0
2016-03-30,3161.289,3216.676,3216.275,3161.289,117802512.0,80.865,2.58,3180.216,3190.857,3130.362,109813128.0,138799963.2,132500237.6
2016-03-29,3171.314,3178.075,3135.41,3122.761,97294744.0,-34.318,-1.08,3184.18,3178.233,3122.115,111388483.2,139493356.8,135408729.6
2016-03-28,3206.953,3229.624,3169.728,3161.878,103441936.0,-28.089,-0.88,3202.256,3172.17,3111.879,124133713.6,139595076.8,136346288.4
2016-03-25,3176.81,3204.442,3197.817,3174.318,97395328.0,15.966,0.5,3218.197,3161.766,3097.266,150099220.8,140961748.8,137641242.8
2016-03-24,3211.496,3221.906,3181.851,3181.813,133131120.0,-54.241,-1.68,3213.027,3143.812,3084.776,170080667.2,138555572.8,138118962.8
2016-03-23,3217.729,3242.247,3236.092,3202.976,125679288.0,10.302,0.32,3201.497,3126.942,3071.621,167786798.4,132849680.8,139353894.8
2016-03-22,3231.615,3249.677,3225.79,3218.728,161020896.0,-23.647,-0.73,3172.285,3110.523,3065.294,167598230.4,131428376.8,138659062.8
2016-03-21,3203.293,3267.775,3249.437,3198.361,233269472.0,77.474,2.44,3142.083,3098.712,3058.473,155056440.0,128949861.6,136236387.6
2016-03-18,3136.223,3197.668,3171.963,3130.102,197302560.0,47.759,1.53,3105.334,3084.252,3051.944,131824276.8,118869118.4,131620262.8
2016-03-17,3096.808,3147.841,3124.204,3077.572,121661776.0,34.171,1.11,3074.598,3076.445,3045.925,107030478.4,121056115.2,126122035.6
2016-03-16,3068.866,3100.352,3090.033,3064.521,124736448.0,15.253,0.5,3052.387,3069.866,3042.4,97912563.2,126200512.0,126259020.0
2016-03-15,3061.343,3077.085,3074.78,3028.578,98311944.0,9.09,0.3,3048.761,3065.996,3041.064,95258523.2,131324102.4,126436778.0
2016-03-14,3039.569,3106.8,3065.69,3034.0,117108656.0,47.406,1.57,3055.34,3051.588,3039.177,102843283.2,133097500.0,127150162.8
2016-03-11,2990.214,3026.437,3018.284,2982.172,73333568.0,5.138,0.17,3063.17,3032.766,3033.228,105913960.0,134320736.8,124940701.6
2016-03-10,3056.21,3074.16,3013.146,3012.691,76072200.0,-58.761,-1.91,3078.291,3025.74,3030.503,135081752.0,137682352.8,125116563.6
2016-03-09,3045.924,3072.916,3071.907,3020.134,111466248.0,-35.766,-1.15,3087.346,3016.301,3029.084,154488460.8,145858108.8,125901940.0
2016-03-08,3100.149,3109.25,3107.673,3001.829,136235744.0,2.833,0.09,3083.232,3020.065,3022.921,167389681.6,145889748.8,124198077.6
2016-03-07,3108.999,3130.903,3104.84,3083.584,132462040.0,10.95,0.35,3047.836,3018.234,3015.604,163351716.8,143522913.6,121816388.4
2016-03-04,3047.537,3101.656,3093.89,3032.424,219172528.0,35.468,1.16,3002.361,3019.636,3005.414,162727513.6,144371407.2,119533053.6
2016-03-03,3050.389,3078.444,3058.422,3040.246,173105744.0,7.089,0.23,2973.189,3015.406,2998.024,140282953.6,131187956.0,114239640.0
2016-03-02,2933.921,3054.724,3051.333,2933.116,175972352.0,120.639,4.12,2945.255,3014.934,2987.791,137227756.8,126317528.0,110545490.4
2016-03-01,2881.335,2950.436,2930.694,2863.323,116045920.0,53.227,1.85,2956.897,3016.132,2981.742,124389816.0,121549453.6,108358341.2
2016-02-29,2939.58,2939.875,2877.467,2821.215,129341024.0,-70.564,-2.39,2988.631,3026.766,2982.232,123694110.4,121202825.6,108902741.2
2016-02-26,2942.095,2964.385,2948.031,2902.948,106949728.0,29.281,1.0,3036.911,3033.69,2994.803,126015300.8,115560666.4,106512693.2
2016-02-25,3104.41,3104.436,2918.75,2905.457,157829760.0,-190.795,-6.14,3057.622,3035.266,3003.075,122092958.4,112550774.4,105662761.2
2016-02-24,3077.606,3109.545,3109.545,3055.251,111782648.0,20.182,0.65,3084.612,3041.867,3011.205,115407299.2,105945771.2,103330760.0
2016-02-23,3117.203,3119.221,3089.363,3061.429,112567392.0,-29.505,-0.95,3075.367,3025.776,3014.446,118709091.2,102506406.4,104274152.8
2016-02-22,3083.933,3128.207,3118.868,3071.329,140946976.0,67.283,2.21,3064.901,3012.974,3021.134,118711540.8,100109863.2,105028478.0
2016-02-19,3047.942,3065.968,3051.585,3032.634,87338016.0,-2.114,-0.07,3030.469,2991.192,3021.727,105106032.0,94694700.0,103037548.4
2016-02-18,3079.527,3093.513,3053.699,3049.841,124401464.0,-9.621,-0.31,3012.91,2980.642,3025.085,103008590.4,97291324.0,104900736.4
2016-02-17,3034.09,3065.785,3063.32,3027.046,128291608.0,26.285,0.86,2999.122,2960.648,3033.478,96484243.2,94773452.8,105407546.4
2016-02-16,2962.187,3042.089,3037.035,2962.187,112579640.0,90.328,3.06,2976.186,2947.351,3038.106,86303721.6,95167228.8,105026290.8
2016-02-15,2888.428,2961.493,2946.707,2886.018,72919432.0,-17.082,-0.58,2961.046,2937.698,3047.04,81508185.6,96602656.8,105808598.4
2016-02-05,2982.056,2988.36,2963.789,2962.847,76850808.0,-20.971,-0.7,2951.914,2955.916,3059.327,84283368.0,97464720.0,110894546.0
2016-02-04,2960.334,2999.206,2984.76,2960.207,91779728.0,36.121,1.23,2948.374,2970.884,3079.216,91574057.6,98774748.0,116349978.4
2016-02-03,2931.288,2954.71,2948.639,2909.898,77389000.0,-12.695,-0.43,2922.173,2980.542,3094.697,93062662.4,100715748.8,113966124.0
2016-02-02,2901.528,2972.426,2961.334,2901.512,88601960.0,60.286,2.08,2918.516,3003.116,3124.256,104030736.0,106041899.2,117394981.2
2016-02-01,2939.04,2944.517,2901.048,2869.561,86795344.0,-45.042,-1.53,2914.351,3029.295,3150.128,111697128.0,109947092.8,121070732.8
2016-01-29,2855.598,2965.309,2946.09,2854.371,113304256.0,92.334,3.24,2959.919,3052.263,3178.529,110646072.0,111380396.8,122499499.2
2016-01-28,2909.334,2941.887,2853.756,2841.844,99222752.0,-76.596,-2.61,2993.393,3069.527,3217.774,105975438.4,112510148.8,121927964.0
2016-01-27,2953.183,2963.544,2930.352,2839.29,132229368.0,-10.157,-0.34,3038.911,3106.309,3263.345,108368835.2,116041640.0,122248324.0
2016-01-26,3099.596,3106.53,2940.509,2934.647,126933920.0,-188.377,-6.02,3087.716,3128.862,3304.922,108053062.4,114885352.8,120731133.2
2016-01-25,3129.028,3149.332,3128.886,3105.1,81540064.0,15.423,0.49,3144.239,3156.382,3344.278,108197057.6,115014540.0,122083859.6
2016-01-22,3114.895,3132.171,3113.463,3053.958,89951088.0,32.118,1.04,3144.608,3162.738,3379.743,112114721.6,124324372.0,123988057.2
2016-01-21,3136.384,3202.538,3081.345,3081.345,111189736.0,-93.033,-2.93,3145.661,3187.548,3415.54,119044859.2,133925208.8,126849572.4
2016-01-20,3204.218,3225.95,3174.378,3154.426,130650504.0,-48.747,-1.51,3173.707,3208.852,3454.792,123714444.8,127216499.2,131640943.2
2016-01-19,3132.705,3227.908,3223.125,3119.216,127653896.0,92.396,2.95,3170.007,3245.395,3489.91,121717643.2,128748063.2,134123601.2
2016-01-18,3068.235,3165.616,3130.729,3066.727,101128384.0,11.999,0.39,3168.524,3270.96,3522.052,121832022.4,132194372.8,138612670.4
2016-01-15,3200.888,3216.798,3118.73,3101.052,124601776.0,-102.841,-3.19,3180.868,3304.794,3553.911,136534022.4,133618601.6,142229550.4
2016-01-14,3076.645,3226.658,3221.571,3072.039,134537664.0,65.692,2.08,3229.435,3366.022,3585.769,148805558.4,131345779.2,144895665.6
2016-01-13,3240.484,3257.295,3155.879,3155.879,120666496.0,-59.831,-1.86,3243.997,3420.382,3608.963,130718553.6,128455008.0,143735918.4
2016-01-12,3214.823,3242.253,3215.71,3174.55,128225792.0,23.26,0.73,3320.783,3480.982,3635.888,135778483.2,126576913.6,144026679.2
2016-01-11,3303.125,3342.481,3192.45,3192.45,174638384.0,-169.113,-5.03,3373.397,3532.174,3660.669,142556723.2,129153179.2,145203845.6
2016-01-08,3371.871,3418.851,3361.563,3237.931,185959456.0,67.179,2.04,3428.72,3596.749,3681.449,130703180.8,123651742.4,141988050.4
2016-01-07,3481.15,3481.15,3294.384,3284.737,44102640.0,-245.424,-6.93,3502.609,3643.533,3694.525,113886000.0,119773936.0,138700858.8
2016-01-06,3482.406,3543.739,3539.808,3468.467,145966144.0,61.028,1.75,3596.767,3700.733,3711.603,126191462.4,136065387.2,142161998.0
2016-01-05,3382.177,3518.217,3478.78,3377.28,162116992.0,9.714,0.28,3641.18,3734.425,3715.763,117375344.0,139499139.2,141152744.8
2016-01-04,3725.856,3726.245,3469.066,3468.949,115370672.0,-261.939,-7.02,3690.951,3773.143,3726.205,115749635.2,145030968.0,138741052.8
2015-12-31,3760.904,3772.617,3731.005,3727.325,101873552.0,-34.17,-0.91,3764.778,3803.028,3736.631,116600304.0,150840499.2,140532495.2
2015-12-30,3762.914,3765.657,3765.175,3726.278,105629952.0,3.3,0.09,3784.457,3805.517,3737.546,125661872.0,158445552.0,145326924.0
2015-12-29,3723.05,3762.052,3761.875,3710.48,101885552.0,34.243,0.92,3804.698,3797.543,3735.385,145939312.0,159016828.8,150722369.6
2015-12-28,3847.532,3853.389,3727.632,3727.632,153988448.0,-110.569,-2.88,3827.67,3790.794,3726.876,161622934.4,161476444.8,152454920.0
2015-12-25,3832.085,3848.025,3838.201,3813.204,119624016.0,8.799,0.23,3855.336,3789.163,3718.815,174312300.8,161254512.0,153415556.0
2015-12-24,3858.135,3867.679,3829.402,3787.084,147181392.0,-36.979,-0.96,3841.279,3766.149,3704.754,185080694.4,160324358.4,157881323.2
2015-12-23,3877.872,3926.686,3866.381,3862.965,207017152.0,-10.352,-0.27,3826.576,3745.517,3701.256,191229232.0,157627781.6,159198527.2
2015-12-22,3872.098,3880.468,3876.733,3841.593,180303664.0,10.768,0.28,3790.388,3722.473,3697.017,172094345.6,148258608.8,156444916.8
2015-12-21,3762.097,3877.82,3865.965,3759.989,217435280.0,98.052,2.6,3753.919,3697.102,3690.875,161329955.2,142806350.4,154598897.6
2015-12-18,3754.96,3810.218,3767.913,3750.925,173465984.0,12.025,0.32,3722.99,3679.266,3685.243,148196723.2,132451137.6,152508474.4
2015-12-17,3712.783,3768.844,3755.888,3709.851,177924080.0,70.448,1.91,3691.02,3670.234,3685.567,135568022.4,130224491.2,153182760.0
2015-12-16,3703.95,3713.09,3685.44,3677.45,111342720.0,-8.949,-0.24,3664.459,3669.575,3686.521,124026331.2,132208296.0,152018155.2
2015-12-15,3707.73,3717.357,3694.389,3679.23,126481712.0,-16.933,-0.46,3654.558,3673.227,3688.028,124422872.0,142427910.4,155735493.6
2015-12-14,3573.884,3712.503,3711.322,3570.998,151769120.0,103.263,2.86,3640.285,3662.957,3691.228,124282745.6,143433395.2,161838061.6
2015-12-11,3605.372,3630.744,3608.059,3578.146,110322480.0,-15.025,-0.41,3635.542,3648.466,3693.868,116705552.0,145576600.0,162334150.4
2015-12-10,3634.366,3678.318,3623.084,3615.991,120215624.0,-12.854,-0.35,3649.448,3643.359,3700.777,124880960.0,155438288.0,166992520.8
2015-12-09,3613.42,3655.159,3635.938,3611.49,113325424.0,12.918,0.36,3674.691,3656.994,3709.389,140390260.8,160769272.8,171858622.0
2015-12-08,3668.839,3668.839,3623.02,3619.445,125781080.0,-64.587,-1.75,3691.895,3671.561,3719.274,160432948.8,164631224.8,177804066.0
2015-12-07,3681.582,3699.337,3687.607,3658.578,113883152.0,10.015,0.27,3685.63,3684.648,3729.785,162584044.8,166391444.8,185840992.8
2015-12-04,3719.734,3726.124,3677.592,3667.291,151199520.0,-71.707,-1.91,3661.391,3691.221,3737.423,174447648.0,172565811.2,197987076.8
2015-12-03,3709.547,3758.446,3749.299,3693.137,197762128.0,27.344,0.73,3637.271,3700.9,3743.212,185995616.0,176141028.8,205364755.2
2015-12-02,3587.758,3725.854,3721.955,3573.403,213538864.0,130.259,3.63,3639.297,3703.467,3741.045,181148284.8,171828014.4,215378976.8
2015-12-01,3562.319,3617.305,3591.696,3536.116,136536560.0,25.284,0.71,3651.227,3702.829,3736.375,168829500.8,169043076.8,214973227.2
2015-11-30,3554.89,3587.97,3566.412,3455.068,173201168.0,9.42,0.27,3683.666,3719.498,3730.064,170198844.8,180242728.0,213216492.8
2015-11-27,3739.096,3742.742,3556.992,3534.39,208939360.0,-202.437,-5.38,3721.05,3739.27,3725.542,170683974.4,179091700.8,211056562.8
2015-11-26,3795.245,3805.844,3759.429,3756.823,173525472.0,-22.178,-0.59,3764.529,3758.195,3724.396,166286441.6,178546753.6,207566690.8
2015-11-25,3747.759,3781.857,3781.607,3735.716,151944944.0,27.718,0.74,3767.637,3761.784,3713.09,162507744.0,182947971.2,205240939.6
2015-11-24,3745.761,3754.169,3753.889,3702.737,143383280.0,0.554,0.01,3754.431,3766.988,3700.256,169256652.8,190976907.2,206192547.6
2015-11-23,3774.436,3802.851,3753.335,3743.405,175626816.0,-21.048,-0.56,3755.331,3774.923,3692.205,190286611.2,205290540.8,208626190.8
2015-11-20,3778.884,3793.545,3774.383,3757.026,186951696.0,-0.586,-0.02,3757.489,3783.625,3684.002,187499427.2,223408342.4,210057293.2
2015-11-19,3725.622,3775.232,3774.969,3714.675,154631984.0,59.389,1.6,3751.861,3785.524,3673.845,190807065.6,234588481.6,210624432.4
2015-11-18,3760.456,3771.847,3715.58,3706.31,185689488.0,-42.807,-1.14,3755.932,3778.624,3661.323,203388198.4,258929939.2,212108112.4
2015-11-17,3790.426,3852.774,3758.387,3750.157,248533072.0,-5.739,-0.15,3779.545,3769.92,3649.207,212697161.6,260903377.6,216927441.2
2015-11-16,3682.735,3764.409,3764.126,3680.073,161690896.0,17.884,0.48,3794.515,3740.631,3640.172,220294470.4,246190257.6,213452042.8
2015-11-13,3756.204,3793.713,3746.242,3727.585,203489888.0,-49.082,-1.29,3809.761,3711.814,3628.675,259317257.6,243021424.8,215747835.6
2015-11-12,3841.738,3843.9,3795.324,3771.274,217537648.0,-38.322,-1.0,3819.187,3690.598,3618.066,278369897.6,236586628.0,216021576.4
2015-11-11,3828.448,3843.112,3833.646,3781.41,232234304.0,0.408,0.01,3801.317,3664.396,3602.641,314471680.0,227533908.0,213702609.2
2015-11-10,3806.669,3876.49,3833.238,3798.821,286519616.0,-7.117,-0.18,3760.295,3633.524,3581.264,309109593.6,221408188.0,209699590.8
2015-11-09,3796.379,3891.773,3840.355,3796.379,356804832.0,46.981,1.24,3686.746,3609.488,3561.854,272086044.8,211961840.8,202645299.6
2015-11-06,3698.342,3801.705,3793.374,3694.657,298753088.0,87.404,2.36,3613.867,3584.378,3542.221,226725592.0,196706244.0,195875081.2
2015-11-05,3630.782,3781.409,3705.97,3627.301,398046560.0,77.432,2.13,3562.008,3562.165,3519.558,194803358.4,186660383.2,187155051.6
2015-11-04,3477.159,3628.538,3628.538,3477.159,205423872.0,163.045,4.71,3527.476,3544.021,3499.084,140596136.0,165286285.6,173856812.0
2015-11-03,3484.722,3501.704,3465.493,3452.62,101401872.0,-10.469,-0.3,3506.752,3528.493,3477.804,133706782.4,172951504.8,167513586.0
2015-11-02,3489.225,3543.45,3475.962,3474.712,130002568.0,-58.117,-1.64,3532.229,3539.714,3464.677,151837636.8,180713828.0,166371460.0
2015-10-30,3530.223,3574.473,3534.079,3497.568,139141920.0,0.772,0.02,3554.889,3545.536,3449.822,166686896.0,188474246.4,164228863.2
2015-10-29,3539.978,3561.814,3533.307,3507.966,127010448.0,8.387,0.24,3562.322,3545.535,3435.255,178517408.0,195456524.8,160982740.8
2015-10-28,3575.805,3598.172,3524.92,3517.21,170977104.0,-67.959,-1.89,3560.567,3540.885,3420.188,189976435.2,199871310.4,160703182.4
2015-10-27,3569.449,3601.053,3592.879,3486.102,192056144.0,3.618,0.1,3550.234,3529.005,3408.192,212196227.2,197990993.6,157254889.2
2015-10-26,3614.702,3620.756,3589.261,3561.192,204248864.0,18.02,0.51,3547.199,3514.221,3391.699,209590019.2,193328758.4,153810654.0
2015-10-23,3536.843,3581.836,3571.241,3515.822,198294480.0,46.707,1.32,3536.183,3500.064,3379.188,210261596.8,195043918.4,150909310.0
2015-10-22,3453.201,3530.766,3524.534,3442.307,184305584.0,51.28,1.48,3528.748,3476.952,3366.038,212395641.6,187649720.0,147134019.6
2015-10-21,3580.838,3601.243,3473.254,3417.412,282076064.0,-104.449,-2.92,3521.204,3454.147,3352.375,209766185.6,182427338.4,143263914.4
2015-10-20,3527.875,3577.798,3577.703,3510.437,179025104.0,43.521,1.23,3507.775,3427.116,3340.562,183785760.0,162075667.2,137630205.6
2015-10-19,3548.953,3572.995,3534.182,3502.505,207606752.0,0.117,0.0,3481.243,3389.64,3327.139,177067497.6,152029092.0,136664450.4
2015-10-16,3508.518,3537.539,3534.065,3487.104,208964704.0,47.25,1.35,3463.946,3354.108,3308.042,179826240.0,139983480.0,133461895.2
2015-10-15,3403.389,3486.815,3486.815,3402.316,171158304.0,80.703,2.37,3425.156,3324.976,3295.395,162903798.4,126508956.8,133286522.4
2015-10-14,3431.135,3458.702,3406.112,3403.231,152173936.0,-38.931,-1.13,3387.089,3299.49,3288.414,155088491.2,121535054.4,130155982.4
2015-10-13,3422.477,3452.045,3445.043,3413.967,145433792.0,-2.65,-0.08,3346.456,3287.379,3285.986,140365574.4,116518784.8,129791434.4
2015-10-12,3351.139,3486.631,3447.693,3347.251,221400464.0,107.577,3.22,3298.037,3269.177,3283.699,126990686.4,114292549.6,133543116.0
2015-10-09,3302.36,3352.379,3340.116,3293.965,124352496.0,43.634,1.32,3244.27,3258.311,3278.016,100140720.0,106774701.6,130203074.4
2015-10-08,3324.981,3337.331,3296.482,3294.605,132081768.0,93.534,2.92,3224.797,3255.124,3273.534,90114115.2,106618319.2,134196671.2
2015-10-07,3195.901,3223.908,3202.948,3186.767,78559352.0,24.094,0.76,3211.891,3250.603,3277.002,87981617.6,104100490.4,144982053.2
2015-09-30,3195.901,3223.908,3202.948,3186.767,78559352.0,24.094,0.76,3228.301,3254.008,3284.959,92671995.2,113184744.0,158677012.0
2015-09-29,3197.221,3208.417,3178.854,3159.042,87150632.0,-63.898,-1.97,3240.317,3264.638,3293.138,101594412.8,121299808.8,168761564.4
2015-09-28,3226.607,3246.554,3242.752,3186.507,74219472.0,10.801,0.33,3272.352,3261.976,3301.31,113408683.2,126940310.4,179378954.4
2015-09-25,3272.665,3290.858,3231.951,3201.914,121419280.0,-53.048,-1.61,3285.451,3265.814,3299.454,123122523.2,140064088.0,189032727.2
2015-09-24,3278.896,3300.857,3284.999,3255.902,102011240.0,21.971,0.67,3289.315,3277.338,3289.141,120219363.2,138776910.4,198375294.4
2015-09-23,3290.071,3315.935,3263.028,3253.333,123171440.0,-76.002,-2.28,3279.715,3284.594,3277.037,133697492.8,143064084.0,207078798.0
2015-09-22,3312.366,3371.414,3339.03,3303.184,146221984.0,30.783,0.93,3288.959,3298.222,3277.663,141005204.8,152793682.4,213692058.8
2015-09-21,3222.603,3312.55,3308.247,3211.934,122788672.0,56.974,1.75,3251.6,3297.721,3290.188,140471937.6,153631447.2,217280279.6
2015-09-18,3254.443,3280.877,3251.273,3227.834,106903480.0,14.274,0.44,3246.177,3291.945,3312.848,157005652.8,161775023.2,221749244.4
2015-09-17,3287.657,3354.905,3236.999,3236.999,169401888.0,-72.249,-2.18,3265.36,3303.401,3344.591,157334457.6,185863616.0,229856561.6
2015-09-16,3149.158,3345.918,3309.248,3131.37,159710000.0,157.016,4.98,3289.472,3315.909,3374.012,152430675.2,204169280.0,237380520.0
2015-09-15,3208.744,3240.079,3152.232,3131.98,143555648.0,-128.9,-3.93,3307.484,3321.638,3412.443,164582160.0,216223320.0,242242001.6
2015-09-14,3367.642,3373.921,3281.132,3187.566,205457248.0,-66.056,-1.97,3343.842,3340.643,3458.509,166790956.8,231817598.4,247733868.8
2015-09-11,3349.877,3383.134,3347.188,3315.478,108547504.0,-10.373,-0.31,3337.712,3333.094,3498.225,166544393.6,238001366.4,249602855.2
2015-09-10,3349.281,3398.316,3357.561,3337.311,144882976.0,-41.744,-1.23,3341.441,3300.944,3531.672,214392774.4,257973678.4,256932789.6
2015-09-09,3344.824,3426.651,3399.305,3330.29,220467424.0,65.282,1.96,3342.346,3269.481,3567.127,255907884.8,271093512.0,265790349.6
2015-09-08,3221.789,3340.219,3334.023,3170.807,154599632.0,83.538,2.57,3335.792,3257.104,3601.38,267864480.0,274590435.2,270106005.6
2015-09-07,3347.293,3422.225,3250.485,3240.243,204224432.0,-115.347,-3.43,3337.444,3282.655,3630.027,296844240.0,280929112.0,271543481.6
2015-09-02,3220.851,3387.02,3365.832,3213.637,347789408.0,3.749,0.11,3328.475,3333.752,3659.095,309458339.2,281723465.6,268696194.4
2015-09-01,3296.529,3370.504,3362.083,3190.578,352458528.0,-4.453,-0.13,3260.447,3385.782,3684.148,301554582.4,273849507.2,261330937.6
2015-08-31,3307.396,3368.279,3366.536,3205.537,280250400.0,24.25,0.73,3196.616,3432.115,3713.452,286279139.2,270591760.0,254719839.2
2015-08-28,3246.236,3353.244,3342.286,3223.622,299498432.0,136.648,4.26,3178.415,3503.249,3736.587,281316390.4,268260683.2,252997570.4
2015-08-27,3092.812,3206.724,3205.638,3028.398,267294928.0,179.946,5.95,3227.865,3576.374,3760.308,265013984.0,263650139.2,249141487.2
2015-08-26,3062.566,3192.932,3025.692,2952.008,308270624.0,-17.235,-0.57,3339.029,3663.357,3790.796,253988592.0,261204344.0,249354174.4
2015-08-25,3070.007,3200.108,3042.927,3019.556,276081312.0,-232.607,-7.1,3511.117,3762.4,3836.031,246144432.0,255891900.8,247789284.8
2015-08-24,3454.598,3468.149,3275.534,3266.55,255436656.0,-314.002,-8.75,3667.614,3864.774,3874.439,254904380.8,260487187.2,253161580.8
2015-08-21,3714.289,3757.779,3589.536,3578.175,217986400.0,-171.918,-4.57,3828.082,3945.657,3901.599,255204976.0,265621576.0,258642472.8
2015-08-20,3848.403,3880.824,3761.454,3761.454,212167968.0,-124.682,-3.21,3924.883,3977.398,3930.936,262286294.4,262157851.2,267345421.6
2015-08-19,3748.266,3898.74,3886.136,3668.192,269049824.0,60.724,1.59,3987.685,3984.438,3955.403,268420096.0,255668923.2,274460610.4
2015-08-18,4084.311,4103.054,3825.412,3816.554,319881056.0,-252.46,-6.19,4013.683,3982.514,3968.955,265639369.6,248812368.0,276955418.4
2015-08-17,4058.113,4081.772,4077.872,4009.99,256939632.0,4.332,0.11,4061.934,3994.789,3985.984,266069993.6,238847918.4,276880112.8
2015-08-14,4097.918,4113.159,4073.54,4056.727,253392992.0,-1.923,-0.05,4063.233,3969.925,3990.121,276038176.0,237734457.6,281666804.8
2015-08-13,4010.013,4075.7,4075.463,3967.821,242836976.0,59.337,1.48,4029.914,3944.241,3994.019,262029408.0,234632835.2,285552512.0
2015-08-12,4025.674,4078.03,4016.126,4015.355,255146192.0,-50.543,-1.24,3981.191,3918.236,3990.114,242917750.4,237504004.8,289937231.2
2015-08-11,4083.589,4110.133,4066.669,4042.004,322034176.0,-17.696,-0.43,3951.346,3909.661,3987.645,231985366.4,239686668.8,298277739.2
2015-08-10,3947.472,4101.731,4084.365,3932.842,306780544.0,177.42,4.54,3927.643,3884.104,3989.919,211625843.2,245835974.4,304897131.2
2015-08-07,3866.43,3926.649,3906.945,3857.908,183349152.0,75.093,1.96,3876.617,3857.54,3996.292,199430739.2,251663369.6,314662713.6
2015-08-06,3802.928,3888.693,3831.852,3793.237,147278688.0,-35.048,-0.91,3858.568,3884.474,4006.272,207236262.4,272532992.0,330530345.6
2015-08-05,3937.623,3962.277,3866.9,3858.66,200484272.0,-81.255,-2.06,3855.28,3926.369,4009.561,232090259.2,293252297.6,348359942.4
2015-08-04,3827.373,3948.449,3948.155,3801.028,220236560.0,118.92,3.11,3867.976,3955.395,3999.368,247387971.2,305098468.8,367409082.4
2015-08-03,3766.072,3829.235,3829.235,3742.578,245805024.0,12.536,0.33,3840.564,3977.18,3998.36,280046105.6,314912307.2,390366505.6
2015-07-31,3777.155,3863.624,3816.699,3757.989,222376768.0,1.287,0.03,3838.463,4010.318,4006.825,303896000.0,325599152.0,410480980.8
2015-07-30,3915.78,3968.534,3815.412,3802.882,271548672.0,-114.967,-2.92,3910.379,4043.797,4010.286,337829721.6,336472188.8,420827185.6
2015-07-29,3839.959,3934.003,3930.379,3769.189,276972832.0,119.286,3.13,3997.457,4061.992,4024.915,354414336.0,342370457.6,430102862.4
2015-07-28,3690.974,3883.446,3811.093,3627.421,383527232.0,-7.638,-0.2,4042.814,4065.63,4041.048,362808966.4,356868809.6,437840291.2
2015-07-27,4097.796,4156.313,3818.731,3817.169,365054496.0,-357.548,-8.56,4113.796,4095.735,4074.143,349778508.8,363958288.0,445016193.6
2015-07-24,4255.198,4299.65,4176.279,4154.617,392045376.0,-74.526,-1.75,4182.172,4135.043,4092.784,347302304.0,377662057.6,453046593.6
2015-07-23,4158.932,4262.062,4250.805,4148.824,354471744.0,93.645,2.25,4177.216,4128.071,4100.78,335114656.0,388527699.2,455776313.6
2015-07-22,4148.56,4187.431,4157.16,4094.712,318945984.0,-8.846,-0.21,4126.526,4092.753,4123.565,330326579.2,403467587.2,460359524.8
2015-07-21,4109.761,4201.482,4166.006,4081.704,318374944.0,5.394,0.13,4088.446,4043.341,4159.713,350928652.8,429719696.0,466144161.6
2015-07-20,4157.06,4221.693,4160.612,4106.389,352673472.0,9.116,0.22,4077.674,4019.541,4190.718,378138067.2,465820704.0,468479811.2
2015-07-17,4023.757,4190.186,4151.496,4000.231,331107136.0,154.14,3.86,4087.914,4003.333,4214.54,408021811.2,495362809.6,468751374.4
2015-07-16,3949.639,4067.022,3997.356,3856.321,330531360.0,30.597,0.77,4078.926,3976.775,4253.492,441940742.4,505182182.4,470415808.0
2015-07-15,4068.88,4114.243,3966.759,3899.508,421956352.0,-145.39,-3.54,4058.98,3987.839,4310.566,476608595.2,517835267.2,473745449.6
2015-07-14,4178.63,4258.513,4112.149,4062.5,454422016.0,-99.663,-2.37,3998.236,4016.466,4365.469,508510739.2,518811772.8,473231414.4
2015-07-13,4132.231,4278.161,4211.812,4072.43,502092192.0,105.256,2.56,3961.407,4052.55,4420.92,553503340.8,526074099.2,474297598.4
2015-07-10,3916.272,4179.111,4106.556,3887.551,500701792.0,208.93,5.36,3918.752,4050.524,4477.085,582703808.0,528431129.6,470699558.4
2015-07-09,3621.68,3930.264,3897.626,3537.826,503870624.0,234.588,6.4,3874.624,4073.488,4537.087,568423622.4,523024928.0,465281406.4
2015-07-08,3651.06,3762.622,3663.038,3612.254,581467072.0,-264.965,-6.75,3916.698,4154.377,4607.661,559061939.2,517251462.4,462196158.4
2015-07-07,3877.854,3960.636,3928.003,3743.624,679385024.0,-70.534,-1.76,4034.695,4276.086,4690.382,529112806.4,502568627.2,461644168.0
2015-07-06,4218.266,4218.266,3998.537,3832.468,648094528.0,112.62,2.9,4143.694,4361.895,4761.67,498644857.6,471138918.4,459540577.6
2015-07-03,4017.202,4164.629,3885.917,3785.902,429300864.0,-222.079,-5.41,4182.296,4425.746,4823.271,474158451.2,442139939.2,454433912.0
2015-07-02,4287.734,4312.19,4107.996,4000.061,457062208.0,-145.025,-3.41,4272.352,4530.209,4888.045,477626233.6,435649433.6,457107232.0
2015-07-01,4408.984,4526.127,4253.021,4235.696,431721408.0,-219.977,-4.92,4392.056,4633.293,4939.825,475440985.6,429655632.0,454967035.2
2015-06-30,4161.067,4475.767,4472.998,4016.013,527045280.0,281.449,6.71,4517.477,4714.473,4985.268,476024448.0,427651056.0,454029624.0
2015-06-29,4446.842,4451.166,4191.549,4000.926,525662496.0,-144.646,-3.34,4580.095,4789.29,5015.427,443632979.2,422521097.6,448552547.2
2015-06-26,4573.872,4650.186,4336.195,4278.675,446639776.0,-370.321,-7.87,4669.196,4903.646,5047.891,410121427.2,412967987.2,443663364.8
2015-06-25,4906.242,4919.263,4706.516,4667.224,446135968.0,-173.61,-3.56,4788.067,5000.686,5072.781,393672633.6,407537884.8,449922828.8
2015-06-24,4811.595,4883.732,4880.126,4744.306,434638720.0,94.035,1.97,4874.53,5060.945,5096.527,383870278.4,407140854.4,451155966.4
2015-06-23,4641.425,4786.955,4786.091,4455.33,365087936.0,149.039,3.21,4911.469,5104.679,5112.467,379277664.0,420719708.8,453821497.6
2015-06-19,4847.057,4910.45,4637.052,4634.691,358104736.0,-293.497,-5.95,4998.484,5161.445,5128.137,401409216.0,447942236.8,458853929.6
2015-06-18,5107.695,5121.218,4930.549,4926.429,364395808.0,-208.282,-4.05,5138.097,5220.795,5143.851,415814547.2,466727884.8,463741028.8
2015-06-17,5072.306,5158.367,5138.831,4949.293,397124192.0,74.01,1.46,5213.305,5245.882,5139.372,421403136.0,478565030.4,460773964.8
2015-06-16,5165.025,5204.303,5064.821,5015.265,411675648.0,-156.346,-2.99,5247.361,5246.358,5120.177,430411430.4,480278438.4,459076792.0
2015-06-15,5354.014,5362.452,5221.167,5207.308,475745696.0,-113.948,-2.14,5297.889,5256.062,5103.497,462161753.6,480408192.0,454232307.2
2015-06-12,5329.278,5351.648,5335.115,5283.086,430131392.0,28.525,0.54,5324.406,5241.564,5071.196,494475257.6,474583996.8,443904046.4
2015-06-11,5305.141,5329.295,5306.59,5248.163,392338752.0,-2.522,-0.05,5303.493,5192.135,5035.313,517641222.4,474358742.4,438819035.2
2015-06-10,5254.304,5374.83,5309.112,5209.68,442165664.0,-8.349,-0.16,5278.458,5144.877,5005.023,535726924.8,492307772.8,436088355.2
2015-06-09,5379.47,5380.426,5317.461,5251.208,570427264.0,-36.29,-0.68,5245.354,5132.109,4975.489,530145446.4,495171078.4,432516593.6
2015-06-08,5259.408,5370.609,5353.751,5202.595,637313216.0,123.199,2.35,5214.236,5120.255,4946.987,498654630.4,486923286.4,422847924.8
2015-06-05,5254.905,5288.34,5230.552,5104.178,545961216.0,49.136,0.95,5158.721,5094.829,4913.826,454692736.0,469765622.4,409674185.6
2015-06-04,5156.012,5194.233,5181.416,4863.465,482767264.0,37.826,0.73,5080.777,5066.907,4880.219,431076262.4,460754172.8,397496523.2
2015-06-03,5176.597,5186.967,5143.59,5059.495,414258272.0,-18.28,-0.35,5011.295,5032.863,4844.652,448888620.8,442982899.2,388246120.0
2015-06-02,5091.272,5162.556,5161.87,5047.081,412973184.0,85.691,1.69,5018.864,4993.996,4815.139,460196710.4,437875145.6,386336891.2
2015-06-01,4862.756,5079.319,5076.179,4835.774,417503744.0,235.35,4.86,5026.273,4950.931,4786.887,475191942.4,428056422.4,388709212.8
2015-05-29,4839.53,4924.303,4840.829,4665.521,427878848.0,6.822,0.14,5030.937,4900.828,4772.466,484838508.8,413224096.0,386726217.6
2015-05-28,5174.101,5213.183,4834.007,4831.329,571829056.0,-347.427,-6.71,5053.038,4878.492,4767.918,490432083.2,403279328.0,385318648.0
2015-05-27,5216.17,5226.844,5181.434,5126.861,470798720.0,-17.484,-0.34,5054.432,4865.169,4764.934,437077177.6,379868937.6,376480044.8
2015-05-26,5140.798,5199.295,5198.918,5063.146,487949344.0,99.423,1.95,4969.129,4818.869,4742.956,415553580.8,369862108.8,383372035.2
2015-05-25,4949.11,5099.839,5099.495,4949.11,465736576.0,148.16,2.99,4875.589,4773.719,4723.389,380920902.4,358772563.2,384628395.2
2015-05-22,4895.925,4951.991,4951.335,4870.598,455846720.0,110.359,2.28,4770.718,4732.823,4703.547,341609683.2,349582748.8,385349212.8
2015-05-21,4768.689,4841.615,4840.976,4746.029,305054528.0,86.057,1.81,4703.945,4693.53,4693.025,316126572.8,334238873.6,387428424.0
2015-05-20,4751.572,4843.1,4754.919,4745.21,363180736.0,23.697,0.5,4675.906,4656.441,4687.966,322660697.6,333509340.8,397986387.2
2015-05-19,4577.637,4740.005,4731.222,4577.637,314785952.0,156.082,3.41,4668.609,4636.282,4681.179,324170636.8,334798636.8,404343099.2
2015-05-18,4582.058,4623.383,4575.14,4565.061,269180480.0,-42.33,-0.92,4671.849,4622.843,4670.714,336624224.0,349362003.2,422925756.8
2015-05-15,4690.755,4690.755,4617.47,4592.05,328431168.0,-83.308,-1.77,4694.927,4644.103,4671.763,357555814.4,360228339.2,437106867.2
2015-05-14,4717.955,4735.284,4700.778,4670.168,337725152.0,-17.658,-0.37,4683.114,4657.345,4666.567,352351174.4,367357968.0,441815496.0
2015-05-13,4746.713,4758.002,4718.436,4678.845,370730432.0,-28.985,-0.61,4636.976,4664.7,4650.554,344357984.0,373091152.0,448536945.6
2015-05-12,4692.122,4748.004,4747.421,4660.016,377053888.0,56.889,1.21,4603.955,4667.042,4636.541,345426636.8,396881961.6,451722030.4
2015-05-11,4582.091,4690.954,4690.532,4535.149,373838432.0,132.128,2.9,4573.838,4673.059,4620.224,362099782.4,410484227.2,454576987.2
2015-05-08,4515.554,4559.058,4558.404,4445.592,302407968.0,88.315,1.98,4593.28,4674.27,4602.918,362900864.0,421115676.8,453294574.4
2015-05-07,4520.818,4546.338,4470.089,4467.459,297759200.0,-83.238,-1.83,4631.576,4692.519,4588.105,382364761.6,440617974.4,460159171.2
2015-05-06,4626.231,4700.909,4553.327,4511.761,376073696.0,-43.51,-0.95,4692.423,4719.492,4579.39,401824320.0,462463433.6,468205046.4
2015-05-05,4785.192,4785.192,4596.837,4572.983,460419616.0,-190.904,-3.99,4730.13,4726.075,4564.726,448337286.4,473887561.6,470169494.4
2015-05-04,4757.637,4795.915,4787.741,4699.398,377843840.0,37.855,0.8,4772.281,4718.584,4543.411,458868672.0,496489510.4,463213702.4
2015-04-30,4788.412,4818.725,4749.886,4749.485,399727456.0,-24.44,-0.51,4755.261,4699.423,4510.263,479330489.6,513985395.2,461275035.2
2015-04-29,4722.903,4797.927,4774.326,4695.793,395056992.0,32.465,0.69,4753.462,4675.789,4478.964,498871187.2,516273024.0,457764305.6
2015-04-28,4811.319,4839.078,4741.861,4703.567,608638528.0,-65.731,-1.37,4746.56,4636.408,4442.807,523102547.2,523982739.2,459814737.6
2015-04-27,4753.871,4810.485,4807.592,4735.31,513076544.0,104.951,2.23,4722.021,4606.04,4410.123,499437836.8,506562099.2,450797662.4
2015-04-24,4682.626,4730.43,4702.641,4618.318,480152928.0,-38.251,-0.81,4664.886,4567.388,4368.329,534110348.8,498669747.2,440081638.4
2015-04-23,4764.481,4782.044,4740.892,4693.967,497430944.0,1.078,0.02,4643.585,4531.566,4330.696,548640300.8,485473472.0,433411808.0
2015-04-22,4637.055,4740.933,4739.814,4632.589,516213792.0,120.65,2.61,4598.116,4483.69,4290.672,533674860.8,479700368.0,427538704.0
2015-04-21,4520.461,4620.058,4619.164,4504.558,490314976.0,97.245,2.15,4526.256,4439.289,4252.334,524862931.2,473946659.2,425157080.0
2015-04-20,4615.034,4671.168,4521.919,4492.6,686439104.0,-74.217,-1.61,4490.06,4403.377,4219.979,513686361.6,466451427.2,420197328.0
2015-04-17,4578.679,4630.27,4596.136,4553.904,552802688.0,82.59,1.83,4469.89,4368.239,4188.512,463229145.6,429937894.4,405966249.6
2015-04-16,4355.491,4513.765,4513.546,4335.63,422603744.0,133.033,3.04,4419.546,4321.103,4150.692,422306643.2,408564675.2,397903496.0
2015-04-15,4439.314,4475.997,4380.513,4379.609,472154144.0,-57.671,-1.3,4369.265,4282.138,4117.317,425725875.2,399255587.2,397532809.6
2015-04-14,4432.126,4474.353,4438.184,4385.908,434432128.0,17.111,0.39,4352.323,4249.207,4086.148,423030387.2,395646736.0,392506385.6
2015-04-13,4394.047,4432.024,4421.073,4361.589,434153024.0,76.657,1.76,4316.695,4214.207,4049.522,419216492.8,395033225.6,384556694.4
2015-04-10,4249.383,4351.687,4344.416,4231.196,348190176.0,82.278,1.93,4266.588,4169.269,4009.351,396646643.2,381493529.6,375192281.6
2015-04-09,4316.958,4332.166,4262.138,4212.611,439699904.0,-33.665,-0.78,4222.66,4129.827,3971.773,394822707.2,381350144.0,371066004.0
2015-04-08,4277.45,4304.78,4295.803,4204.826,458676704.0,35.759,0.84,4195.011,4097.655,3934.898,372785299.2,375377040.0,358528400.0
2015-04-07,4213.894,4260.471,4260.044,4197.019,415362656.0,89.506,2.15,4146.091,4065.379,3896.139,368263084.8,376367500.8,345307948.0
2015-04-03,4104.672,4170.558,4170.538,4092.383,321303776.0,45.762,1.11,4111.718,4036.581,3860.024,370849958.4,373943228.8,336236836.0
2015-04-02,4149.946,4156.842,4124.776,4068.649,339070496.0,0.881,0.02,4071.95,4008.784,3825.423,366340416.0,381994604.8,329247549.6
2015-04-01,4057.501,4139.499,4123.895,4046.939,329512864.0,72.691,1.79,4036.995,3980.281,3794.002,367877580.8,387242316.8,323169464.8
2015-03-31,4138.885,4166.018,4051.204,4037.771,436065632.0,-36.974,-0.9,4000.298,3952.496,3764.348,377968780.8,395810032.0,316677020.8
2015-03-30,3999.024,4101.651,4088.178,3999.024,428297024.0,116.481,2.93,3984.666,3923.088,3737.183,384471916.8,389366035.2,307967064.0
2015-03-27,3957.542,3993.032,3971.697,3932.87,298756064.0,21.698,0.55,3961.443,3884.838,3712.837,377036499.2,374080163.2,298961019.2
2015-03-26,3921.745,3991.997,3949.999,3892.878,346756320.0,9.587,0.24,3945.618,3849.434,3692.894,397648793.6,368891033.6,295162537.6
2015-03-25,3961.578,3980.716,3940.412,3913.988,379968864.0,-32.634,-0.82,3923.566,3813.718,3673.709,406607052.8,360781864.0,289291143.2
2015-03-24,3980.066,3989.858,3973.046,3883.782,468581312.0,0.985,0.03,3904.695,3772.142,3650.625,413651283.2,341679760.0,278569667.2
2015-03-23,3923.083,3972.296,3972.061,3922.21,391119936.0,79.487,2.04,3861.51,3726.899,3628.089,394260153.6,314248395.2,263407017.6
2015-03-20,3852.492,3916.863,3892.574,3832.416,401817536.0,52.835,1.38,3808.232,3683.468,3605.602,371123827.2,298530443.2,252117436.8
2015-03-19,3851.249,3859.126,3839.739,3809.706,391547616.0,-6.316,-0.16,3753.249,3642.062,3585.947,340133273.6,276500494.4,240308627.2
2015-03-18,3769.086,3846.055,3846.055,3763.848,415190016.0,88.933,2.37,3703.87,3607.723,3567.452,314956675.2,259096612.8,230785744.8
2015-03-17,3733.961,3762.575,3757.122,3716.809,371625664.0,51.451,1.39,3639.589,3576.199,3547.293,269708236.8,237544009.6,217830328.8
2015-03-16,3641.773,3705.739,3705.671,3621.119,275438304.0,88.014,2.43,3592.287,3551.277,3531.143,234236636.8,226568092.8,206479734.4
2015-03-13,3604.671,3641.392,3617.657,3594.742,246864768.0,24.813,0.69,3558.703,3540.837,3516.206,225937059.2,223841875.2,200673273.6
2015-03-12,3557.686,3603.341,3592.844,3536.534,265664624.0,68.191,1.94,3530.876,3536.355,3502.62,212867715.2,221434041.6,196947726.4
2015-03-11,3524.575,3568.916,3524.653,3512.218,188947824.0,4.042,0.12,3511.576,3533.7,3488.598,203236550.4,217800422.4,193297704.8
2015-03-10,3523.64,3551.205,3520.611,3511.985,194267664.0,-17.139,-0.48,3512.809,3529.108,3480.713,205379782.4,215459574.4,196371844.0
2015-03-09,3449.696,3546.705,3537.75,3417.486,233940416.0,59.23,1.7,3510.267,3529.279,3474.771,218899548.8,212565640.0,196223678.4
2015-03-06,3501.184,3516.243,3478.52,3472.392,181518048.0,-17.824,-0.51,3522.97,3527.736,3469.756,221746691.2,205704430.4,194168962.4
2015-03-05,3513.249,3517.083,3496.344,3467.676,217508800.0,-34.478,-0.98,3541.835,3529.832,3463.528,230000368.0,204116760.0,194852244.8
2015-03-04,3514.667,3540.912,3530.822,3497.172,199663984.0,22.922,0.65,3555.825,3527.181,3460.43,232364294.4,202474876.8,193800762.4
2015-03-03,3579.315,3579.315,3507.9,3504.201,261866496.0,-93.365,-2.59,3545.406,3518.386,3457.979,225539366.4,198116648.0,194398506.4
2015-03-02,3603.452,3608.691,3601.265,3566.527,248176128.0,28.422,0.8,3548.291,3511.009,3458.85,206231731.2,186391376.0,192116192.0
2015-02-27,3565.233,3594.813,3572.843,3560.455,222786432.0,6.548,0.18,3532.502,3491.576,3457.533,189662169.6,177504672.0,194090844.8
2015-02-26,3473.713,3569.33,3566.295,3456.871,229328432.0,87.566,2.52,3517.83,3468.884,3459.29,178233152.0,172461411.2,194939833.6
2015-02-25,3529.55,3529.55,3478.729,3463.955,165539344.0,-43.593,-1.24,3498.537,3443.497,3459.562,172585459.2,168794987.2,197482020.0
2015-02-24,3511.544,3536.82,3522.322,3511.093,165328320.0,22.839,0.65,3491.366,3432.318,3464.006,170693929.6,177284113.6,202647732.8
2015-02-17,3511.544,3536.82,3522.322,3511.093,165328320.0,22.839,0.65,3473.726,3420.263,3465.335,166551020.8,179881716.8,211277728.0
2015-02-16,3473.289,3504.475,3499.483,3466.607,165641344.0,29.655,0.85,3450.65,3411.775,3459.03,165347174.4,182633494.4,217903473.6
2015-02-13,3458.827,3509.505,3469.828,3452.079,201089968.0,26.954,0.78,3419.938,3397.223,3451.813,166689670.4,185587729.6,226096670.4
2015-02-12,3435.361,3453.582,3442.874,3405.627,156081696.0,8.75,0.26,3388.456,3393.679,3460.079,165004515.2,185126648.0,230176252.0
2015-02-11,3415.977,3445.655,3434.124,3412.136,144613776.0,27.181,0.8,3373.271,3397.571,3468.141,183874297.6,190680364.8,234262784.0
2015-02-10,3345.077,3407.18,3406.943,3339.548,159309088.0,61.022,1.82,3366.8,3406.691,3471.556,193212412.8,197841008.0,236832720.8
2015-02-09,3305.734,3376.526,3345.921,3298.597,172353824.0,33.501,1.01,3372.9,3423.49,3476.911,199919814.4,210677017.6,238224964.8
2015-02-06,3352.33,3374.051,3312.42,3285.935,192664192.0,-54.526,-1.62,3374.508,3449.697,3485.294,204485788.8,217418256.0,242935632.0
2015-02-05,3487.951,3487.951,3366.946,3366.862,250430608.0,-34.822,-1.02,3398.902,3475.628,3497.009,205248780.8,226169052.8,250801555.2
2015-02-04,3446.144,3476.817,3401.768,3399.565,191304352.0,-35.677,-1.04,3421.872,3495.695,3506.625,197486432.0,228011352.0,253030176.8
2015-02-03,3388.602,3441.709,3437.445,3360.717,192846096.0,83.485,2.49,3446.583,3510.406,3518.726,202469603.2,242673739.2,259474520.8
2015-02-02,3360.193,3407.256,3353.96,3347.085,195183696.0,-80.43,-2.34,3474.08,3506.284,3528.907,221434220.8,253173452.8,270880324.8
2015-01-30,3496.885,3514.217,3434.39,3431.936,196479152.0,-47.408,-1.36,3524.885,3506.403,3543.286,230350723.2,266605611.2,283681045.6
2015-01-29,3474.915,3505.582,3481.798,3453.901,211618864.0,-43.525,-1.24,3552.354,3526.479,3548.251,247089324.8,275225856.0,291153825.6
2015-01-28,3547.239,3583.312,3525.323,3512.393,216220208.0,-49.608,-1.39,3569.517,3538.711,3547.039,258536272.0,277845203.2,296984576.8
2015-01-27,3614.038,3616.258,3574.931,3510.017,287669184.0,-33.054,-0.92,3574.229,3536.421,3543.546,282877875.2,275824433.6,307424318.4
2015-01-26,3580.118,3611.617,3607.985,3559.376,239766208.0,36.253,1.01,3538.487,3530.332,3537.091,284912684.8,265772912.0,312271564.8
2015-01-23,3582.088,3627.806,3571.732,3548.626,280172160.0,4.119,0.12,3487.921,3520.891,3523.463,302860499.2,268453008.0,315773232.0
2015-01-22,3551.052,3576.756,3567.613,3520.053,268853600.0,18.728,0.53,3500.604,3518.39,3506.396,303362387.2,275434057.6,317637104.0
2015-01-21,3420.491,3557.794,3548.885,3409.43,337928224.0,152.663,4.5,3507.906,3517.555,3494.261,297154134.4,278049001.6,322681228.8
2015-01-20,3336.793,3419.204,3396.222,3325.681,297843232.0,41.067,1.22,3498.613,3527.046,3486.541,268770992.0,276275302.4,333274900.8
2015-01-19,3414.013,3497.252,3355.155,3330.981,329505280.0,-279.991,-7.7,3522.177,3551.529,3485.888,246633139.2,288587196.8,338943318.4
2015-01-16,3616.248,3662.158,3635.146,3601.258,282681600.0,31.025,0.86,3553.861,3580.168,3485.427,234045516.8,300756480.0,340266564.8
2015-01-15,3501.719,3604.121,3604.121,3482.27,237812336.0,101.698,2.9,3536.177,3570.024,3471.699,247505728.0,307081795.2,348539523.2
2015-01-14,3522.907,3547.242,3502.423,3471.56,196012512.0,-11.617,-0.33,3527.204,3555.367,3456.663,258943868.8,316123950.4,354555098.4
2015-01-13,3506.451,3550.158,3514.04,3494.768,187153968.0,0.464,0.01,3555.478,3550.67,3442.404,283779612.8,339024203.2,359264164.0
2015-01-12,3531.515,3560.527,3513.576,3461.322,266567168.0,-33.147,-0.94,3580.881,3543.85,3426.363,330541254.4,358770217.6,364959731.2
2015-01-09,3547.574,3689.753,3546.723,3536.395,349982656.0,-12.536,-0.35,3606.474,3526.034,3409.835,367467443.2,363093456.0,369985956.8
2015-01-08,3650.073,3659.945,3559.259,3552.1,295003040.0,-84.531,-2.32,3603.871,3494.401,3393.576,366657862.4,359840150.4,373737760.0
2015-01-07,3620.924,3671.19,3643.79,3601.698,320191232.0,2.731,0.07,3583.53,3470.967,3370.959,373304032.0,367313456.0,390631336.0
2015-01-06,3608.428,3683.226,3641.059,3587.231,420962176.0,-0.482,-0.01,3545.863,3446.036,3351.413,394268793.6,390274499.2,398844891.2
2015-01-05,3566.089,3669.042,3641.541,3551.51,451198112.0,107.836,3.05,3506.819,3420.247,3325.604,386999180.8,389299440.0,404040844.8
2014-12-31,3462.389,3542.34,3533.705,3452.498,345934752.0,76.151,2.2,3445.594,3390.686,3298.745,358719468.8,379776649.6,402821585.6
2014-12-30,3450.814,3491.826,3457.554,3422.174,328233888.0,2.099,0.06,3384.93,3373.375,3270.437,353022438.4,389997251.2,408832681.6
2014-12-29,3502.183,3524.28,3455.455,3405.836,425015040.0,9.616,0.28,3358.404,3357.96,3243.756,361322880.0,392986246.4,410494252.8
2014-12-26,3343.64,3453.338,3445.839,3335.012,384614112.0,110.42,3.31,3346.21,3334.137,3211.974,386280204.8,379504124.8,407517872.0
2014-12-25,3254.48,3335.779,3335.419,3226.322,309799552.0,105.034,3.25,3333.675,3308.876,3180.123,391599699.2,371149244.8,407053348.8
2014-12-24,3332.146,3340.357,3230.385,3188.495,317449600.0,-94.539,-2.84,3335.777,3293.635,3151.077,400833830.4,376878457.6,404836608.0
2014-12-23,3358.798,3431.779,3324.924,3316.913,369736096.0,-69.557,-2.05,3361.819,3292.751,3125.709,426972064.0,387635369.6,401162252.0
2014-12-22,3396.251,3455.207,3394.481,3357.661,549801664.0,11.314,0.33,3357.515,3270.95,3093.74,424649612.8,413949216.0,393806032.0
2014-12-19,3345.629,3397.183,3383.167,3280.916,411211584.0,37.24,1.11,3322.064,3256.79,3056.479,372728044.8,407415283.2,380307934.4
2014-12-18,3359.09,3393.711,3345.927,3322.229,355970208.0,-14.671,-0.44,3284.076,3230.962,3016.494,350698790.4,418782249.6,367298762.4
2014-12-17,3325.82,3368.194,3360.598,3275.736,448140768.0,57.196,1.73,3251.493,3206.804,2976.052,352923084.8,425866521.6,354807745.2
2014-12-16,3221.358,3303.402,3303.402,3207.688,358123840.0,86.174,2.68,3223.683,3167.499,2934.883,348298675.2,427668112.0,338508055.6
2014-12-15,3176.829,3226.221,3217.228,3143.297,290193824.0,24.001,0.75,3184.385,3129.553,2896.784,403248819.2,428002259.2,327748931.6
2014-12-12,3182.923,3239.447,3193.227,3167.928,301065312.0,10.215,0.32,3191.516,3089.812,2864.278,442102521.6,435531619.2,321163145.2
2014-12-11,3185.161,3254.424,3183.012,3158.443,367091680.0,-38.534,-1.2,3177.847,3051.371,2833.671,486865708.8,442957452.8,314362378.0
2014-12-10,3120.212,3229.047,3221.546,3058.191,425018720.0,114.633,3.69,3162.115,3008.519,2803.508,498809958.4,432794758.4,306998574.8
2014-12-09,3233.097,3387.827,3106.913,3074.516,632874560.0,-145.968,-4.49,3111.316,2958.666,2772.147,507037548.8,414689134.4,294981951.6
2014-12-08,3108.272,3270.881,3252.881,3075.7,484462336.0,127.996,4.1,3074.721,2916.531,2744.732,452755699.2,373662848.0,279523806.0
2014-12-05,3143.968,3195.798,3124.885,3011.936,524881248.0,20.534,0.66,2988.107,2856.168,2710.374,428960716.8,353200585.6,266630675.6
2014-12-04,2975.403,3104.89,3104.351,2968.876,426812928.0,136.802,4.61,2924.894,2802.025,2679.237,399049196.8,315815275.2,250824658.8
2014-12-03,2936.124,3028.225,2967.549,2912.246,466156672.0,43.609,1.49,2854.922,2745.3,2649.323,366779558.4,283748968.8,236966568.4
2014-12-02,2807.338,2944.506,2923.94,2804.293,361465312.0,104.128,3.69,2806.016,2702.268,2626.118,322340720.0,249347999.2,223183327.6
2014-12-01,2825.611,2855.332,2819.812,2808.653,365487424.0,10.993,0.39,2758.34,2664.015,2605.58,294569996.8,227495604.0,216022412.4
2014-11-28,2753.925,2809.543,2808.819,2740.374,375323648.0,54.329,1.97,2724.229,2638.744,2590.217,277440454.4,206794671.2,208038102.8
2014-11-27,2737.03,2754.49,2754.49,2718.704,265464736.0,31.472,1.16,2679.156,2615.971,2575.192,232581353.6,185767303.2,201230541.2
2014-11-26,2695.263,2723.36,2723.018,2690.31,243962480.0,37.457,1.4,2635.678,2598.497,2560.914,200718379.2,181202391.2,197438622.0
2014-11-25,2650.085,2686.063,2685.561,2643.843,222611696.0,36.303,1.37,2598.519,2585.627,2547.332,176355278.4,175274768.8,193169701.2
2014-11-24,2614.16,2667.671,2649.258,2602.944,279839712.0,65.803,2.55,2569.69,2572.933,2533.886,160421211.2,185384764.0,187115269.2
2014-11-21,2537.538,2585.362,2583.455,2530.032,151028144.0,46.356,1.83,2553.259,2564.58,2519.865,136148888.0,180060765.6,176816406.0
2014-11-20,2528.78,2545.473,2537.099,2522.836,106149864.0,-0.124,-0.01,2552.786,2556.449,2510.228,138953252.8,185834042.4,173013742.4
2014-11-19,2538.233,2550.5,2537.223,2531.318,122146976.0,-4.193,-0.17,2561.317,2553.346,2503.17,161686403.2,190184168.0,172880841.2
2014-11-18,2565.273,2570.211,2541.416,2534.927,142941360.0,-25.685,-1.0,2572.736,2549.969,2497.241,174194259.2,197018656.0,171206302.0
2014-11-17,2613.513,2614.086,2567.101,2565.943,158478096.0,-13.992,-0.54,2576.175,2547.144,2491.839,210348316.8,204549220.8,168871329.6
2014-11-14,2569.211,2581.932,2581.093,2557.666,165049968.0,1.343,0.05,2575.901,2541.689,2486.22,223972643.2,209281534.4,165519194.8
2014-11-13,2597.389,2607.519,2579.75,2567.463,219815616.0,-14.568,-0.56,2560.113,2534.412,2479.252,232714832.0,216693779.2,163904695.6
2014-11-12,2545.403,2594.318,2594.318,2539.601,184686256.0,35.706,1.4,2545.376,2523.33,2472.484,218681932.8,213674852.8,160822245.2
2014-11-11,2578.438,2602.373,2558.612,2532.572,323711648.0,-7.118,-0.28,2527.202,2509.036,2465.962,219843052.8,211064633.6,158378026.8
2014-11-10,2529.83,2565.73,2565.73,2514.71,226599728.0,63.577,2.54,2518.114,2494.841,2460.359,198750124.8,188845774.4,148562129.6
2014-11-07,2508.765,2541.549,2502.153,2489.419,208760912.0,-3.914,-0.16,2507.478,2475.151,2454.82,194590425.6,173572046.4,143811811.2
2014-11-06,2505.167,2510.985,2506.067,2482.983,149651120.0,2.619,0.1,2508.712,2464.006,2453.052,200672726.4,160193442.4,140755480.8
2014-11-05,2516.87,2519.399,2503.448,2499.228,190491856.0,-9.724,-0.39,2501.284,2452.993,2451.846,208667772.8,155577514.4,140169120.8
2014-11-04,2511.036,2517.46,2513.172,2498.605,218247008.0,0.624,0.03,2490.871,2444.512,2450.593,202286214.4,145393948.0,136742208.0
2014-11-03,2515.824,2524.172,2512.548,2502.06,205801232.0,4.223,0.17,2471.567,2436.534,2447.484,178941424.0,133193438.4,131620069.2
2014-10-31,2473.501,2512.189,2508.325,2466.504,239172416.0,39.4,1.6,2442.824,2430.75,2444.246,152553667.2,121756855.2,127500094.0
2014-10-30,2450.361,2474.376,2468.925,2443.759,189626352.0,17.541,0.72,2419.3,2424.091,2440.69,119714158.4,111115612.0,120556448.0
2014-10-29,2423.813,2461.268,2451.384,2415.703,158584064.0,34.731,1.44,2404.702,2421.638,2439.092,102487256.0,107969637.6,118008224.8
2014-10-28,2373.155,2416.766,2416.653,2373.155,101523056.0,47.821,2.02,2398.154,2422.887,2438.616,88501681.6,105691420.0,117214698.4
2014-10-27,2377.542,2377.542,2368.832,2361.68,73862448.0,-21.874,-0.92,2401.501,2425.878,2437.757,87445452.8,108278484.8,116340212.8
2014-10-24,2397.848,2404.993,2390.706,2385.725,74974872.0,-5.23,-0.22,2418.677,2434.489,2438.261,90960043.2,114051576.0,117759134.0
2014-10-23,2415.44,2424.662,2395.936,2392.532,103491840.0,-22.705,-0.94,2428.882,2442.098,2439.986,102517065.6,121317519.2,119101069.2
2014-10-22,2434.886,2447.467,2418.641,2417.562,88656192.0,-14.75,-0.61,2438.574,2450.7,2440.623,113452019.2,124760727.2,119722796.0
2014-10-21,2453.406,2459.255,2433.391,2432.552,96241912.0,-21.32,-0.87,2447.621,2456.674,2439.757,122881158.4,128090468.0,121553437.6
2014-10-20,2448.453,2456.621,2454.711,2441.896,91435400.0,12.979,0.53,2450.255,2458.434,2437.526,129111516.8,130046700.0,126078481.2
2014-10-17,2443.222,2456.105,2441.732,2410.401,132759984.0,-2.663,-0.11,2450.302,2457.742,2436.65,137143108.8,133243332.8,127619069.2
2014-10-16,2448.968,2480.3,2444.395,2441.822,158166608.0,-19.479,-0.79,2455.313,2457.289,2436.481,140117972.8,129997284.0,126439078.4
2014-10-15,2444.538,2465.498,2463.874,2431.188,135801888.0,17.312,0.71,2462.825,2456.546,2435.434,136069435.2,128046812.0,125179877.2
2014-10-14,2451.094,2467.904,2446.562,2436.336,127393704.0,-8.384,-0.34,2465.727,2454.345,2433.862,133299777.6,128737976.8,123848558.8
2014-10-13,2457.412,2460.389,2454.946,2430.546,131593360.0,-11.843,-0.48,2466.612,2449.635,2433.795,130981883.2,124401940.8,123388590.8
2014-10-10,2472.096,2482.136,2466.789,2457.684,147634304.0,-15.166,-0.61,2465.183,2442.033,2433.51,129343556.8,121466692.0,123486510.8
2014-10-09,2480.197,2488.113,2481.955,2461.112,137923920.0,3.572,0.14,2459.265,2437.875,2431.482,119876595.2,116884619.2,121668410.4
2014-10-08,2460.87,2478.383,2478.383,2445.268,121953600.0,27.395,1.12,2450.267,2430.546,2427.826,120024188.8,114684864.8,121258924.8
2014-09-30,2452.166,2454.885,2450.988,2444.204,115804232.0,3.189,0.13,2442.963,2422.84,2423.23,124176176.0,115016407.2,120883081.6
2014-09-29,2443.91,2453.665,2447.799,2435.611,123401728.0,10.598,0.43,2432.658,2416.618,2418.447,117821998.4,122110262.4,118958913.6
2014-09-26,2430.808,2439.649,2437.201,2420.499,100299496.0,0.236,0.01,2418.882,2415.557,2412.971,113589827.2,121994805.6,115949398.4
2014-09-25,2453.423,2462.668,2436.965,2429.587,138661888.0,-4.899,-0.2,2416.484,2415.672,2406.675,113892643.2,122880872.8,114458956.4
2014-09-24,2391.419,2443.978,2441.864,2387.07,142713536.0,42.402,1.77,2410.824,2414.321,2401.206,109345540.8,122312942.4,110909673.2
2014-09-23,2379.521,2402.482,2399.462,2379.521,84033344.0,20.542,0.86,2402.717,2413.378,2395.318,105856638.4,118959140.8,108466207.6
2014-09-22,2419.326,2419.326,2378.92,2374.108,102240872.0,-46.291,-1.91,2400.577,2417.954,2392.488,126398526.4,122375240.8,109133226.4
2014-09-19,2409.313,2430.149,2425.211,2402.313,101813576.0,16.547,0.69,2412.231,2424.988,2391.81,130399784.0,125506329.6,108512379.6
2014-09-18,2396.379,2414.946,2408.664,2389.622,115926376.0,7.338,0.31,2414.86,2425.09,2388.262,131869102.4,126452201.6,108456211.2
2014-09-17,2395.361,2405.371,2401.326,2379.091,125269024.0,12.561,0.53,2417.818,2425.107,2386.136,135280344.0,127832984.8,107724296.8
2014-09-16,2440.339,2442.924,2388.765,2386.98,186742784.0,-48.424,-1.99,2424.04,2423.62,2384.808,132061643.2,126749756.0,107253346.4
2014-09-15,2433.001,2439.254,2437.189,2418.959,122247160.0,-1.169,-0.05,2435.332,2420.276,2384.097,118351955.2,115807564.8,103141684.8
2014-09-12,2418.752,2438.358,2438.358,2412.622,109160168.0,14.904,0.61,2437.746,2410.385,2380.27,120612875.2,109903991.2,101708954.0
2014-09-11,2430.678,2461.473,2423.454,2417.269,132982584.0,-8.979,-0.37,2435.319,2397.677,2375.149,121035300.8,106037040.0,101149420.4
2014-09-10,2435.593,2437.081,2432.433,2422.646,109175520.0,-12.791,-0.52,2432.396,2388.091,2371.921,120385625.6,99506404.0,100022680.8
2014-09-09,2452.227,2454.893,2445.224,2437.078,118194344.0,-4.035,-0.17,2423.201,2377.257,2368.152,121437868.8,97973274.4,99155035.2
2014-09-05,2433.174,2450.634,2449.259,2427.987,133551760.0,23.035,0.95,2405.22,2367.021,2364.159,113263174.4,95891212.0,97825376.4
2014-09-04,2411.934,2427.297,2426.224,2404.082,111272296.0,17.386,0.72,2383.025,2358.632,2358.252,99195107.2,91518429.6,95484773.2
2014-09-03,2389.694,2414.26,2408.838,2389.679,129734208.0,22.378,0.94,2360.036,2351.434,2353.314,91038779.2,90460220.8,95757618.8
2014-09-02,2359.862,2387.655,2386.46,2349.949,114436736.0,31.143,1.32,2343.787,2347.164,2351.033,78627182.4,87615608.8,95088000.0
2014-09-01,2340.925,2355.552,2355.317,2338.53,77320872.0,17.03,0.73,2331.314,2345.995,2350.178,74508680.0,87756936.8,94959252.8
2014-08-29,2317.304,2338.774,2338.287,2313.262,63211424.0,27.009,1.17,2328.823,2347.919,2351.193,78519249.6,90475804.8,96928896.8
2014-08-28,2328.059,2336.363,2311.278,2309.639,70490656.0,-16.317,-0.7,2334.238,2350.154,2350.749,83841752.0,93513916.8,100084195.2
2014-08-27,2323.79,2336.737,2327.595,2322.885,67676224.0,3.503,0.15,2342.832,2352.621,2352.697,89881662.4,96261800.8,102109050.8
2014-08-26,2339.6,2350.391,2324.092,2317.184,93844224.0,-18.771,-0.8,2350.541,2355.751,2352.418,96604035.2,100538957.6,104876381.2
2014-08-25,2367.019,2367.606,2342.863,2338.455,97373720.0,-22.501,-0.95,2360.676,2359.047,2352.782,101005193.6,100336796.0,106897652.4
2014-08-22,2352.316,2368.457,2365.364,2350.986,89823936.0,11.12,0.47,2367.016,2361.296,2351.834,102432360.0,99759540.8,111022432.8
2014-08-21,2365.731,2367.46,2354.244,2333.299,100690208.0,-11.896,-0.5,2366.07,2357.873,2346.588,103186081.6,99451116.8,111479878.0
2014-08-20,2371.649,2375.475,2366.14,2360.837,101288088.0,-8.628,-0.36,2362.41,2355.194,2340.727,102641939.2,101055016.8,112417144.4
2014-08-19,2378.886,2379.474,2374.768,2358.965,115850016.0,0.206,0.01,2360.962,2354.902,2332.311,104473880.0,102560391.2,111563433.6
2014-08-18,2366.272,2379.804,2374.562,2361.197,104509552.0,13.927,0.59,2357.419,2354.361,2323.208,99668398.4,102161568.8,109698062.0
2014-08-15,2337.985,2366.902,2360.635,2333.123,93592544.0,24.69,1.06,2355.576,2354.467,2312.795,97086721.6,103381988.8,107181197.4
2014-08-14,2357.198,2363.18,2335.945,2334.08,97969496.0,-22.956,-0.97,2349.676,2351.343,2302.97,95716152.0,106654473.6,105775235.0
2014-08-13,2358.459,2370.513,2358.901,2335.694,110447792.0,1.849,0.08,2347.979,2352.774,2294.026,99468094.4,107956300.8,103849438.6
2014-08-12,2361.17,2361.17,2357.052,2344.716,91822608.0,-8.297,-0.35,2348.843,2349.085,2284.625,100646902.4,109213804.8,102405060.6
2014-08-11,2338.008,2367.004,2365.349,2337.014,91601168.0,34.215,1.47,2351.303,2346.517,2275.521,104654739.2,113458508.8,101404715.0
2014-08-08,2329.184,2339.27,2331.134,2319.288,86739696.0,3.677,0.16,2353.357,2342.372,2265.841,109677256.0,122285324.8,100132599.8
2014-08-07,2363.608,2369.204,2327.457,2326.268,116729208.0,-35.764,-1.51,2353.011,2335.304,2256.685,117592795.2,123508639.2,98864328.6
2014-08-06,2358.206,2371.667,2363.221,2334.334,116341832.0,-6.132,-0.26,2357.569,2326.259,2247.454,116444507.2,123779272.0,95814493.0
2014-08-05,2376.797,2380.774,2369.353,2353.795,111861792.0,-6.267,-0.26,2349.327,2309.721,2236.729,117780707.2,120566476.0,93098503.8
2014-08-04,2336.63,2375.62,2375.62,2332.138,116713752.0,46.218,1.98,2341.731,2292.055,2227.285,122262278.4,117234555.2,90042594.2
2014-08-01,2341.227,2371.5,2329.402,2328.966,126317392.0,-20.849,-0.89,2331.386,2271.123,2217.318,134893393.6,110980406.0,86719023.4
2014-07-31,2321.967,2350.551,2350.251,2316.585,110987768.0,28.24,1.22,2317.596,2254.597,2209.783,129424483.2,104895996.4,83045709.0
2014-07-30,2324.69,2339.038,2322.011,2316.058,123022832.0,-9.358,-0.4,2294.949,2235.278,2201.28,131114036.8,99742576.4,80680855.0
2014-07-29,2326.038,2342.77,2331.369,2316.217,134269648.0,7.472,0.32,2270.114,2220.164,2193.723,123352244.8,95596316.4,77513988.4
2014-07-28,2272.383,2331.472,2323.897,2272.383,179869328.0,63.443,2.81,2242.379,2204.525,2185.382,112206832.0,89350921.2,73466661.0
2014-07-25,2243.067,2260.89,2260.454,2239.066,98972840.0,23.439,1.05,2210.859,2189.311,2177.443,87067418.4,77979874.8,67188404.0
2014-07-24,2199.833,2239.815,2237.015,2199.833,119435536.0,39.182,1.78,2191.597,2178.066,2171.934,80367509.6,74220018.0,64875906.8
2014-07-23,2191.394,2210.282,2197.833,2190.555,84213872.0,5.135,0.23,2175.608,2168.65,2167.537,68371116.0,67849714.0,61121688.4
2014-07-22,2162.436,2197.592,2192.698,2162.236,78542584.0,26.403,1.22,2170.215,2163.737,2164.314,67840388.0,65630531.6,58794299.8
2014-07-21,2164.223,2171.94,2166.295,2158.955,54172260.0,2.151,0.1,2166.67,2162.515,2161.92,66495010.4,62850633.2,56875388.4
2014-07-18,2147.663,2176.325,2164.144,2145.446,65473296.0,7.076,0.33,2167.763,2163.514,2160.31,68892331.2,62457640.8,56225738.2
2014-07-17,2166.831,2166.932,2157.068,2147.084,59453568.0,-13.8,-0.64,2164.536,2164.969,2158.94,68072526.4,61195421.6,55071759.4
2014-07-16,2172.824,2183.248,2170.868,2166.774,81560232.0,-4.108,-0.19,2161.692,2167.282,2157.432,67328312.0,61619133.6,54757213.2
2014-07-15,2170.089,2176.272,2174.976,2165.206,71815696.0,3.218,0.15,2157.26,2167.282,2156.9,63420675.2,59431660.4,53152396.4
2014-07-14,2149.542,2171.902,2171.758,2145.278,66158864.0,23.749,1.11,2158.359,2166.24,2156.635,59206256.0,57582400.8,52058294.8
2014-07-11,2136.317,2154.735,2148.009,2134.795,61374272.0,5.162,0.24,2159.266,2165.576,2157.64,56022950.4,56396933.2,51915195.4
2014-07-10,2146.601,2151.774,2142.847,2139.522,55732496.0,-5.863,-0.27,2165.403,2165.801,2159.052,54318316.8,55531795.6,51809125.6
2014-07-09,2178.135,2178.51,2148.71,2148.26,62022048.0,-31.763,-1.46,2172.872,2166.424,2159.58,55909955.2,54393662.8,51173793.0
2014-07-08,2174.828,2180.778,2180.473,2163.359,50743600.0,4.184,0.19,2177.303,2164.89,2160.183,55442645.6,51958068.0,50200876.6
2014-07-07,2178.546,2186.202,2176.289,2171.083,50242336.0,-2.406,-0.11,2174.12,2161.325,2159.222,55958545.6,50900143.6,50189091.8
2014-07-04,2180.445,2183.798,2178.695,2174.073,52851104.0,-1.497,-0.07,2171.886,2157.107,2157.122,56770916.0,49993835.6,49642528.0
2014-07-03,2169.003,2184.964,2180.192,2164.843,63690688.0,9.325,0.43,2166.199,2152.91,2154.923,56745274.4,48948097.2,48786875.6
2014-07-02,2163.998,2171.51,2170.867,2155.609,59685500.0,6.308,0.29,2159.976,2147.582,2153.443,52877370.4,47895292.8,47426212.4
2014-07-01,2169.199,2171.15,2164.559,2157.133,53323100.0,-0.559,-0.03,2152.476,2146.519,2151.314,48473490.4,46873132.4,46532799.8
2014-06-30,2152.306,2168.221,2165.118,2152.306,54304188.0,14.86,0.69,2148.529,2147.03,2150.582,45841741.6,46534188.8,45965792.4
2014-06-27,2146.374,2159.526,2150.258,2138.927,52722896.0,1.182,0.06,2142.327,2149.704,2150.149,43216755.2,47433457.6,45446776.2
2014-06-26,2135.156,2151.114,2149.076,2134.891,44351168.0,15.705,0.74,2139.621,2152.302,2150.394,41150920.0,48086455.6,45055209.2
2014-06-25,2141.726,2141.726,2133.371,2126.035,37666100.0,-11.45,-0.53,2135.188,2152.736,2151.408,42913215.2,47953923.2,45340463.8
2014-06-24,2131.686,2145.213,2144.821,2130.292,40164356.0,10.711,0.5,2140.561,2155.475,2152.104,45272774.4,48443685.2,45252017.4
2014-06-23,2137.926,2147.227,2134.11,2132.454,41179256.0,-2.619,-0.12,2145.532,2157.12,2152.661,47226636.0,49478040.0,45221332.4
2014-06-20,2124.963,2137.034,2136.729,2120.807,42393720.0,9.822,0.46,2157.081,2157.137,2153.377,51650160.0,49291220.4,45043524.8
2014-06-19,2161.426,2166.407,2126.907,2119.498,53162644.0,-33.332,-1.54,2164.983,2156.936,2153.084,55021991.2,48625654.0,45236475.6
2014-06-18,2169.252,2172.549,2160.239,2158.497,49463896.0,-9.435,-0.43,2170.284,2159.305,2153.533,52994631.2,46957132.0,44525645.4
2014-06-17,2185.681,2185.681,2169.674,2168.445,49933664.0,-22.181,-1.01,2170.389,2156.109,2151.31,51614596.0,46192467.2,43917434.8
2014-06-16,2176.438,2196.343,2191.855,2174.277,63296876.0,15.613,0.72,2168.708,2154.133,2148.583,51729444.0,45397396.0,43565432.0
2014-06-13,2150.987,2183.645,2176.242,2150.569,59252876.0,22.832,1.06,2157.193,2150.594,2146.288,46932280.8,43460094.8,42513248.0
2014-06-12,2156.761,2160.988,2153.41,2148.413,43025844.0,-7.356,-0.34,2148.888,2148.486,2144.68,42229316.8,42023962.8,41887305.8
2014-06-11,2156.151,2163.61,2160.766,2152.08,42563720.0,-0.502,-0.02,2148.327,2150.08,2145.629,40919632.8,42727004.4,42161724.0
2014-06-10,2138.671,2161.526,2161.268,2132.447,50507904.0,26.987,1.26,2141.828,2148.732,2146.333,40770338.4,42060349.6,43279164.0
2014-06-09,2128.225,2153.903,2134.281,2126.665,39311060.0,-0.435,-0.02,2139.558,2148.203,2147.272,39065348.0,40964624.8,44927396.8
2014-06-06,2149.214,2149.783,2134.716,2123.98,35738056.0,-15.886,-0.74,2143.995,2149.616,2147.211,39987908.8,40795829.2,44871015.4
2014-06-05,2126.607,2150.93,2150.602,2123.524,36477424.0,22.328,1.05,2148.084,2149.231,2147.25,41818608.8,41847297.2,45500735.2
2014-06-04,2149.407,2149.452,2128.274,2117.313,41817248.0,-21.644,-1.01,2151.834,2147.761,2146.585,44534376.0,42094158.8,45907237.6
2014-06-03,2157.64,2168.995,2149.918,2149.291,41982952.0,-6.546,-0.3,2155.636,2146.511,2148.038,43350360.8,41642402.4,46220701.2
2014-05-30,2156.381,2166.907,2156.464,2146.218,43923864.0,1.3,0.06,2156.847,2143.034,2148.366,42863901.6,41733468.0,46588757.2
2014-05-29,2171.26,2178.092,2155.164,2154.925,44891556.0,-14.188,-0.65,2155.237,2141.983,2148.475,41603749.6,41566401.2,46659295.2
2014-05-28,2147.467,2171.172,2169.352,2142.007,50056260.0,22.072,1.03,2150.378,2140.875,2148.641,41875985.6,41750648.8,46824964.0
2014-05-27,2154.395,2160.027,2147.28,2145.752,35897172.0,-8.696,-0.4,2143.689,2141.177,2146.921,39653941.6,41596443.6,47346410.4
2014-05-26,2161.892,2165.421,2155.976,2147.445,39550656.0,7.562,0.35,2137.387,2143.934,2147.949,39934444.0,44497978.4,48563821.0
2014-05-23,2130.775,2148.583,2148.414,2128.663,37623104.0,17.546,0.82,2129.22,2146.341,2149.674,40603034.4,48890168.8,48839233.8
2014-05-22,2134.087,2160.909,2130.868,2128.858,46252736.0,-5.037,-0.24,2128.728,2144.805,2151.986,41529052.8,48946201.6,49346255.2
2014-05-21,2106.762,2136.1,2135.905,2096.514,38946040.0,20.134,0.95,2131.371,2145.268,2155.283,41625312.0,49154173.2,49888353.2
2014-05-20,2124.708,2131.567,2115.771,2110.72,37299684.0,0.628,0.03,2138.664,2145.409,2157.85,43538945.6,49720316.4,50754965.2
2014-05-19,2139.362,2139.362,2115.143,2105.713,42893608.0,-30.809,-1.44,2150.481,2149.565,2163.285,49061512.8,50799000.0,51427880.8
2014-05-16,2143.926,2150.5,2145.952,2132.186,42253196.0,1.868,0.09,2163.463,2153.697,2168.768,57177303.2,51444046.4,51699881.8
2014-05-15,2169.278,2171.453,2144.084,2142.338,46734032.0,-28.288,-1.3,2160.882,2154.968,2173.097,56363350.4,51752189.2,52171122.4
2014-05-14,2175.094,2184.221,2172.372,2168.997,48514208.0,-2.48,-0.11,2159.165,2156.407,2177.366,56683034.4,51899279.2,53245327.2
2014-05-13,2180.059,2185.046,2174.852,2167.767,64912520.0,-5.202,-0.24,2152.154,2152.666,2182.178,55901687.2,53096377.2,53932866.8
2014-05-12,2150.313,2184.332,2180.054,2139.483,83472560.0,46.143,2.16,2148.649,2151.964,2186.969,52536487.2,52629663.6,55218035.6
2014-05-09,2138.84,2141.559,2133.05,2120.595,38183432.0,-2.446,-0.12,2143.932,2153.006,2191.654,45710789.6,48788298.8,56771678.0
2014-05-08,2132.036,2168.206,2135.496,2128.318,48332452.0,-1.82,-0.09,2149.054,2159.168,2196.933,47141028.0,49746308.8,58180369.8
2014-05-07,2151.472,2153.723,2137.316,2136.99,44607472.0,-20.012,-0.93,2153.649,2165.298,2202.024,47115524.0,50622533.2,60624703.2
2014-05-06,2151.388,2173.618,2157.328,2150.112,48086520.0,0.858,0.04,2153.179,2170.291,2204.431,50291067.2,51789614.0,60791624.0
2014-05-05,2152.59,2161.703,2156.47,2131.232,49344072.0,-2.189,-0.1,2155.279,2177.006,2204.815,52722840.0,52056761.6,61964099.6
2014-04-30,2158.762,2164.175,2158.659,2153.124,45334624.0,0.189,0.01,2162.08,2183.839,2206.028,51865808.0,51955717.2,62748858.8
2014-04-29,2134.413,2159.379,2158.47,2131.783,48204932.0,23.501,1.1,2169.281,2191.226,2206.251,52351589.6,52590055.6,62925447.8
2014-04-28,2165.773,2171.385,2134.969,2132.695,60485188.0,-32.857,-1.52,2176.946,2198.325,2205.643,54129542.4,54591375.2,63288075.6
2014-04-25,2195.815,2201.712,2167.826,2167.64,60245384.0,-22.648,-1.03,2187.402,2211.69,2206.492,53288160.8,54769356.4,63768119.8
2014-04-24,2192.769,2209.454,2190.474,2186.763,45058912.0,-4.194,-0.19,2198.733,2221.974,2205.887,51390683.2,57806407.6,64319607.4
2014-04-23,2191.231,2205.594,2194.668,2187.388,47763532.0,-2.127,-0.1,2205.599,2230.302,2204.915,52045626.4,64755057.2,64980470.6
2014-04-22,2184.017,2196.849,2196.795,2165.075,57094696.0,9.547,0.44,2213.17,2234.697,2203.904,52828521.6,66614430.8,66936169.6
2014-04-21,2209.942,2231.707,2187.248,2186.755,56278280.0,-37.231,-1.67,2219.704,2238.749,2202.892,55053208.0,70626873.2,69306034.0
2014-04-18,2215.879,2228.77,2224.479,2203.047,50757996.0,-0.324,-0.01,2235.977,2238.572,2201.469,56250552.0,69793634.0,71693360.4
2014-04-17,2238.779,2241.622,2224.803,2221.954,48333628.0,-7.723,-0.35,2245.214,2232.625,2194.594,64222132.0,71871437.6,72537025.0
2014-04-16,2223.468,2245.315,2232.526,2221.153,51678008.0,3.063,0.14,2255.006,2228.217,2189.397,77464488.0,73542000.4,73085538.8
2014-04-15,2261.411,2261.474,2229.463,2225.685,68218128.0,-39.15,-1.73,2256.225,2221.276,2184.677,80400340.0,73260840.0,73269345.0
2014-04-14,2267.943,2275.83,2268.613,2255.456,62265000.0,-2.053,-0.09,2257.795,2212.96,2180.356,86200538.4,71984776.0,72478910.8
2014-04-11,2269.565,2281.105,2270.666,2261.133,90615896.0,-3.095,-0.14,2241.167,2201.295,2173.067,83336716.0,72766883.2,72296547.6
2014-04-10,2241.452,2290.742,2273.761,2229.515,114545408.0,35.141,1.57,2220.035,2189.8,2166.551,79520743.2,70832807.2,71227054.4
2014-04-09,2239.791,2246.793,2238.62,2228.994,66357268.0,1.304,0.06,2201.429,2179.528,2158.569,69619512.8,65205884.0,69003271.2
2014-04-08,2179.92,2243.97,2237.316,2178.905,97219120.0,51.844,2.37,2186.328,2173.11,2152.071,66121340.0,67257908.4,68566470.0
2014-04-04,2157.982,2186.154,2185.472,2155.277,47945888.0,20.464,0.94,2168.125,2167.034,2145.095,57769013.6,67985194.8,67276334.4
2014-04-03,2188.642,2196.138,2165.008,2160.747,71536032.0,-15.719,-0.72,2161.424,2164.367,2144.239,62197050.4,73593086.8,68092298.8
2014-04-02,2166.067,2182.683,2180.727,2164.008,65039256.0,17.612,0.81,2159.564,2156.563,2144.67,62144871.2,73202612.4,67970185.6
2014-04-01,2143.717,2170.095,2163.115,2141.151,48866404.0,16.81,0.78,2157.628,2150.577,2143.833,60792255.2,72629077.2,67784823.6
2014-03-31,2156.054,2165.254,2146.305,2134.422,55457488.0,-5.66,-0.26,2159.893,2148.079,2144.891,68394476.8,73277850.0,68994965.8
2014-03-28,2154.515,2172.668,2151.965,2144.584,70086072.0,-3.742,-0.17,2165.943,2147.752,2147.094,78201376.0,72973045.6,70325707.0
2014-03-27,2168.344,2186.893,2155.707,2146.916,71275136.0,-15.34,-0.71,2167.309,2144.839,2148.444,84989123.2,71826212.0,70654806.2
2014-03-26,2181.231,2186.078,2171.047,2165.217,58276176.0,-3.393,-0.16,2153.561,2143.302,2148.364,84260353.6,71621301.6,71596264.2
2014-03-25,2170.78,2191.491,2174.44,2164.669,86877512.0,-2.114,-0.1,2143.526,2137.61,2147.982,84465899.2,72800658.4,72582120.2
2014-03-24,2161.898,2186.731,2176.554,2150.871,104491984.0,17.756,0.82,2136.264,2131.032,2147.156,78161223.2,69875031.6,72900122.2
2014-03-21,2079.871,2163.225,2158.798,2077.759,104024808.0,71.831,3.44,2129.561,2123.156,2149.053,67744715.2,66567474.0,72136319.8
2014-03-20,2116.185,2134.792,2086.967,2086.497,67631288.0,-33.903,-1.6,2122.369,2124.112,2154.328,58663300.8,62591510.8,70753529.0
2014-03-19,2131.283,2131.283,2120.87,2101.285,59303904.0,-17.263,-0.81,2133.042,2132.778,2164.352,58982249.6,62737758.8,72693941.4
2014-03-18,2146.124,2152.462,2138.133,2134.923,55354132.0,-4.905,-0.23,2131.695,2137.089,2173.741,61135417.6,62940570.0,74696374.2
2014-03-17,2132.793,2143.196,2143.038,2118.953,52409444.0,20.202,0.95,2125.8,2141.703,2180.957,61588840.0,64712081.6,76281154.8
2014-03-14,2129.87,2140.384,2122.836,2109.575,58617736.0,-17.497,-0.82,2116.75,2146.436,2189.387,65390232.8,67678368.4,78052265.8
2014-03-13,2119.547,2149.436,2140.333,2115.986,69226032.0,26.199,1.24,2125.855,2152.05,2198.024,66519720.8,69483400.4,78475528.8
2014-03-12,2102.801,2130.586,2114.134,2090.757,70069744.0,5.473,0.26,2132.515,2153.427,2204.985,66493268.0,71571226.8,79825116.8
2014-03-11,2092.608,2118.79,2108.661,2088.729,57621244.0,10.874,0.52,2142.483,2158.354,2213.841,64745722.4,72363582.0,80151237.6
2014-03-10,2149.676,2149.676,2097.787,2095.067,71416408.0,-70.571,-3.25,2157.606,2163.279,2222.686,67835323.2,75925212.8,82231667.0
2014-03-07,2170.043,2189.39,2168.358,2161.436,64265176.0,-5.276,-0.24,2176.122,2174.951,2231.173,69966504.0,77705165.6,82814132.2
2014-03-06,2159.397,2181.427,2173.634,2136.454,69093768.0,9.658,0.45,2178.245,2184.545,2233.379,72447080.0,78915547.2,82123839.2
2014-03-05,2187.352,2189.093,2163.976,2159.595,61332016.0,-20.297,-0.93,2174.34,2195.925,2234.82,76649185.6,82650124.0,80850766.0
2014-03-04,2183.858,2188.601,2184.273,2161.589,73069248.0,-6.097,-0.28,2174.225,2210.393,2238.01,79981441.6,86452178.4,80295301.0
2014-03-03,2173.907,2194.224,2190.37,2167.91,82072312.0,11.399,0.52,2168.953,2220.21,2239.789,84015102.4,87850228.0,79305295.0
2014-02-28,2149.446,2180.474,2178.971,2133.548,76668056.0,24.863,1.15,2173.78,2232.338,2241.067,85443827.2,88426163.2,78718891.8
2014-02-27,2170.81,2180.063,2154.108,2150.135,90104296.0,-9.297,-0.43,2190.845,2243.998,2244.402,85384014.4,87467657.2,77943872.6
2014-02-26,2147.737,2164.698,2163.405,2137.079,77993296.0,5.496,0.26,2217.511,2256.543,2248.291,88651062.4,88079006.8,76255955.4
2014-02-25,2216.515,2225.209,2157.909,2150.095,93237552.0,-56.6,-2.56,2246.561,2269.327,2252.311,92922915.2,87938893.2,75888359.4
2014-02-24,2246.715,2246.715,2214.509,2194.164,89215936.0,-49.785,-2.2,2271.467,2282.092,2253.786,91685353.6,88538121.2,73241794.2
2014-02-21,2284.03,2287.869,2264.294,2250.652,76368992.0,-23.142,-1.01,2290.895,2287.395,2251.36,91408499.2,87923098.8,70809005.0
2014-02-20,2314.088,2331.698,2287.436,2286.203,106439536.0,-21.22,-0.92,2297.151,2282.214,2247.07,89551300.0,85332131.2,69504213.2
2014-02-19,2280.927,2317.42,2308.656,2274.152,99352560.0,26.214,1.15,2295.575,2273.715,2243.29,87506951.2,79051408.0,66797181.6
2014-02-18,2310.309,2310.309,2282.442,2276.108,87049744.0,-29.205,-1.26,2292.093,2265.627,2238.304,82954871.2,74138423.6,64277673.4
2014-02-17,2308.791,2315.579,2311.647,2293.552,87831664.0,16.072,0.7,2292.717,2259.369,2234.825,85390888.8,70760362.0,62627683.6
2014-02-14,2278.4,2295.852,2295.575,2274.429,67082996.0,16.021,0.7,2283.894,2249.796,2228.926,84437698.4,69011620.4,60742239.0
2014-02-13,2288.451,2307.474,2279.554,2278.261,96217792.0,-11.692,-0.51,2267.276,2244.806,2224.39,81112962.4,68420088.0,60096553.8
2014-02-12,2286.187,2294.317,2291.246,2276.444,76592160.0,5.684,0.25,2251.855,2240.04,2221.523,70595864.8,64432904.0,58085016.2
2014-02-11,2267.735,2296.516,2285.562,2262.599,99229832.0,18.028,0.8,2239.162,2235.295,2219.057,65321976.0,63837825.6,56822851.0
2014-02-10,2221.54,2270.194,2267.534,2221.54,83065712.0,55.051,2.49,2226.021,2225.48,2216.678,56129835.2,57945467.2,54049014.6
2014-02-07,2187.343,2212.498,2212.483,2177.117,50459316.0,10.033,0.46,2215.698,2215.325,2215.234,53585542.4,53694911.2,53210749.2
2014-01-30,2223.163,2223.163,2202.45,2200.224,43632304.0,-25.331,-1.14,2222.337,2211.926,2219.148,55727213.6,53676295.2,53676915.6
2014-01-29,2225.711,2233.057,2227.781,2219.928,50222716.0,7.926,0.36,2228.224,2212.865,2225.125,58269943.2,54542955.2,53755015.0
2014-01-28,2220.785,2233.257,2219.855,2205.972,53269128.0,3.936,0.18,2231.427,2210.981,2230.237,62353675.2,54416923.2,54075432.8
2014-01-27,2233.015,2233.231,2215.919,2211.799,70344248.0,-29.759,-1.32,2224.938,2210.28,2234.217,59761099.2,54495005.2,53832691.8
2014-01-24,2225.758,2257.355,2245.678,2222.893,61167672.0,13.789,0.62,2214.953,2208.056,2238.595,53804280.0,52472857.6,52984937.2
2014-01-23,2242.245,2248.924,2231.889,2228.057,56345952.0,-11.907,-0.53,2201.515,2203.974,2239.578,51625376.8,51773019.6,52501431.8
2014-01-22,2190.432,2244.133,2243.796,2187.534,70641376.0,56.386,2.58,2197.506,2203.007,2243.239,50815967.2,51737128.4,51884400.6
2014-01-21,2168.42,2197.923,2187.41,2168.42,40306248.0,21.417,0.99,2190.535,2202.818,2245.462,46480171.2,49807876.4,50632290.2
2014-01-20,2173.651,2182.463,2165.993,2156.458,40560152.0,-12.495,-0.57,2195.622,2207.878,2250.321,49228911.2,50152562.0,50895992.0
2014-01-17,2203.821,2205.972,2178.488,2175.876,50273156.0,-33.356,-1.51,2201.16,2215.142,2255.928,51141435.2,52726587.2,52128194.8
2014-01-16,2209.448,2227.262,2211.844,2201.56,52298904.0,2.903,0.13,2206.432,2226.371,2263.624,51920662.4,53677536.0,52019321.0
2014-01-15,2210.024,2215.903,2208.941,2193.802,48962396.0,-3.905,-0.18,2208.508,2237.384,2270.894,52658289.6,52967074.8,51405136.2
2014-01-14,2192.844,2214.124,2212.846,2179.908,54049948.0,19.167,0.87,2215.102,2249.493,2278.265,53135581.6,53733942.4,51381211.0
2014-01-13,2206.996,2222.072,2193.679,2183.597,50122772.0,-11.172,-0.51,2220.133,2258.154,2286.019,51076212.8,53170378.4,51907797.2
2014-01-10,2216.521,2224.494,2204.851,2200.215,54169292.0,-17.37,-0.78,2229.124,2269.134,2296.667,54311739.2,53497016.8,51976718.4
2014-01-09,2236.967,2258.894,2222.221,2220.802,55987040.0,-19.69,-0.88,2246.31,2275.182,2306.925,55434409.6,53229844.0,51775639.8
2014-01-08,2240.635,2262.584,2241.911,2228.418,51348856.0,3.91,0.17,2266.261,2283.471,2316.453,53275860.0,52031672.8,52380045.0
2014-01-07,2222.306,2246.791,2238.001,2218.647,43753104.0,-0.636,-0.03,2283.884,2288.105,2327.023,54332303.2,51456704.0,53159673.4
2014-01-06,2286.371,2286.371,2238.637,2229.334,66300404.0,-52.142,-2.28,2296.176,2292.765,2337.667,55264544.0,51639422.0,53830262.4
2014-01-03,2311.968,2314.836,2290.779,2280.887,59782644.0,-31.199,-1.34,2309.144,2296.715,2348.349,52682294.4,51529802.4,53820946.6
2014-01-02,2323.433,2325.991,2321.978,2310.653,45194292.0,-8.048,-0.34,2304.055,2300.878,2357.22,51025278.4,50361106.0,54717260.8
2013-12-31,2289.01,2333.074,2330.026,2287.117,56631072.0,30.568,1.33,2300.681,2304.403,2364.878,50787485.6,49843197.6,57590057.8
2013-12-30,2313.38,2316.621,2299.458,2295.641,48414308.0,-4.02,-0.17,2292.326,2307.038,2370.516,48581104.8,49028479.6,58481291.8
2013-12-27,2268.535,2315.182,2303.478,2264.386,53389156.0,38.144,1.68,2289.354,2313.884,2376.482,48014300.0,50645216.0,62043332.4
2013-12-26,2299.972,2301.493,2265.334,2263.922,51497564.0,-39.776,-1.73,2284.286,2324.2,2383.256,50377310.4,50456420.0,62464061.8
2013-12-25,2291.748,2305.609,2305.11,2281.6,44005328.0,16.862,0.74,2297.701,2338.669,2391.965,49696933.6,50321435.6,64422204.0
2013-12-24,2291.125,2312.832,2288.248,2270.245,45599168.0,3.646,0.16,2308.124,2349.434,2397.434,48898909.6,52728417.2,65986642.0
2013-12-23,2283.8,2295.765,2284.602,2259.575,45580284.0,6.466,0.28,2321.75,2365.941,2402.392,49475854.4,54862642.8,66665976.8
2013-12-20,2335.052,2338.875,2278.136,2278.096,65204208.0,-54.274,-2.33,2338.414,2382.568,2407.594,53276132.0,56021102.8,67694199.4
2013-12-19,2366.205,2370.991,2332.41,2331.194,48095680.0,-24.816,-1.05,2364.115,2399.983,2413.585,50535529.6,56112090.8,68184022.6
2013-12-18,2356.703,2368.583,2357.226,2350.451,40015208.0,0.85,0.04,2379.636,2413.562,2417.464,50945937.6,59073415.6,70164572.6
2013-12-17,2369.255,2373.286,2356.376,2351.183,48483892.0,-11.547,-0.49,2390.743,2425.353,2420.845,56557924.8,65336918.0,71778402.2
2013-12-16,2408.678,2412.734,2367.923,2367.43,64581672.0,-38.716,-1.61,2410.132,2433.994,2423.634,60249431.2,67934104.0,73286622.4
2013-12-13,2388.659,2416.26,2406.639,2386.246,51501196.0,-3.376,-0.14,2426.722,2439.08,2426.683,58766073.6,73441448.8,75559270.4
2013-12-12,2406.766,2423.309,2410.015,2402.769,50147720.0,-2.748,-0.11,2435.852,2442.311,2423.888,61688652.0,74471703.6,77303799.0
2013-12-11,2440.503,2440.503,2412.763,2400.742,68075144.0,-40.559,-1.65,2447.488,2445.262,2418.613,67200893.6,78522972.4,77661930.8
2013-12-10,2456.23,2466.66,2453.322,2444.526,66941424.0,2.45,0.1,2459.963,2445.434,2412.38,74115911.2,79244866.8,77250615.2
2013-12-09,2460.028,2468.948,2450.872,2445.94,57164884.0,-1.415,-0.06,2457.855,2438.843,2406.714,75618776.8,78469310.8,76537921.2
2013-12-06,2463.043,2470.813,2452.287,2445.623,66114088.0,-15.91,-0.65,2451.438,2432.619,2399.965,88116824.0,79367296.0,75966649.8
2013-12-05,2476.453,2481.747,2468.197,2460.576,77708928.0,-6.938,-0.28,2448.77,2427.187,2392.748,87254755.2,80255954.4,75350370.8
2013-12-04,2439.824,2486.64,2475.135,2434.694,102650232.0,32.351,1.32,2443.036,2421.366,2386.366,89845051.2,81255729.6,74206011.8
2013-12-03,2410.693,2448.333,2442.784,2406.663,74455752.0,23.996,0.99,2430.905,2416.337,2380.287,84373822.4,78219886.4,72262333.4
2013-12-02,2423.969,2464.863,2418.788,2397.007,119655120.0,-20.156,-0.83,2419.832,2413.275,2377.336,81319844.8,78639140.8,71643770.2
2013-11-29,2442.676,2446.395,2438.944,2432.387,61803744.0,-0.586,-0.02,2413.8,2414.287,2375.42,70617768.0,77677092.0,68250937.2
2013-11-28,2419.15,2460.556,2439.53,2417.235,90660408.0,25.049,1.04,2405.604,2405.466,2372.721,73257153.6,80135894.4,68313538.0
2013-11-27,2386.362,2422.806,2414.481,2383.78,75294088.0,27.065,1.13,2399.695,2391.963,2369.43,72666408.0,76800889.2,67917365.6
2013-11-26,2387.826,2399.022,2387.416,2380.412,59185864.0,-1.213,-0.05,2401.769,2379.326,2369.079,72065950.4,75256363.6,68761567.6
2013-11-25,2385.784,2418.853,2388.629,2380.689,66144736.0,-9.333,-0.39,2406.719,2374.585,2368.311,75958436.8,74606531.6,71139166.0
2013-11-22,2415.29,2418.999,2397.962,2393.581,75000672.0,-12.027,-0.5,2414.773,2367.311,2367.178,84736416.0,72566003.6,70975736.8
2013-11-21,2412.451,2415.383,2409.989,2382.878,87706680.0,-14.861,-0.61,2405.328,2358.309,2365.557,87014635.2,70444787.2,70763898.11
2013-11-20,2428.767,2435.427,2424.85,2406.417,72291800.0,12.687,0.53,2384.23,2351.365,2363.089,80935370.4,67156294.0,69822632.44
2013-11-19,2427.928,2427.928,2412.163,2405.076,78648296.0,-16.74,-0.69,2356.883,2344.237,2359.456,78446776.8,66304780.4,69677387.29
2013-11-18,2367.883,2429.566,2428.903,2361.038,110034632.0,78.169,3.33,2342.451,2341.398,2356.162,73254626.4,64648399.6,69116705.5
2013-11-15,2306.549,2377.211,2350.734,2306.549,86391768.0,46.233,2.01,2319.848,2336.553,2351.312,60395591.2,58824782.4,66388843.73
2013-11-14,2291.269,2305.696,2304.501,2279.006,57310356.0,16.385,0.72,2311.29,2339.975,2351.354,53874939.2,56491181.6,64960063.43
2013-11-13,2325.36,2325.563,2288.116,2287.547,59848832.0,-51.884,-2.22,2318.5,2346.897,2354.958,53377217.6,59033842.0,65548502.46
2013-11-12,2319.362,2342.529,2340.0,2316.603,52687544.0,24.111,1.04,2331.591,2358.833,2360.528,54162784.0,62266771.6,66023475.0
2013-11-11,2305.94,2325.228,2315.889,2295.003,45739456.0,7.944,0.34,2340.345,2362.038,2362.394,56042172.8,67671800.4,67235832.36
2013-11-08,2329.084,2342.672,2307.945,2306.041,53788508.0,-32.607,-1.39,2353.258,2367.044,2367.044,57253973.6,69385470.0,69385470.0
2013-11-07,2351.871,2356.672,2340.552,2328.253,54821748.0,-13.016,-0.55,2368.661,2373.611,2373.611,59107424.0,71118465.78,71118465.78
2013-11-06,2371.324,2383.54,2353.568,2352.787,63776664.0,-30.201,-1.27,2375.294,2377.743,2377.743,64690466.4,73155555.5,73155555.5
2013-11-05,2366.884,2385.688,2383.769,2343.801,62084488.0,3.315,0.14,2386.074,2381.197,2381.197,70370759.2,74495397.14,74495397.14
2013-11-04,2397.21,2404.896,2380.454,2376.355,51798460.0,-4.506,-0.19,2383.731,2380.768,2380.768,79301428.0,76563882.0,76563882.0
2013-11-01,2373.962,2395.005,2384.96,2365.146,63055760.0,11.242,0.47,2380.831,2380.831,2380.831,81516966.4,81516966.4,81516966.4
2013-10-31,2398.395,2398.395,2373.718,2370.226,82736960.0,-33.753,-1.4,2379.799,2379.799,2379.799,86132268.0,86132268.0,86132268.0
2013-10-30,2371.853,2407.851,2407.471,2365.506,92178128.0,35.418,1.49,2381.826,2381.826,2381.826,87264037.33,87264037.33,87264037.33
2013-10-29,2369.216,2408.616,2372.053,2327.904,106737832.0,6.099,0.26,2369.004,2369.004,2369.004,84806992.0,84806992.0,84806992.0
2013-10-28,2372.571,2377.249,2365.954,2351.862,62876152.0,-2.605,-0.11,2365.954,2365.954,2365.954,62876152.0,62876152.0,62876152.0
