date,open,high,close,low,volume,price_change,p_change,ma5,ma10,ma20,v_ma5,v_ma10,v_ma20,turnover
2016-10-28,23.35,23.77,23.63,23.3,76172.83,0.28,1.2,23.402,23.305,23.419,74833.83,69708.06,71155.99,0.4
2016-10-27,23.49,23.49,23.34,23.2,46342.49,-0.16,-0.68,23.322,23.276,23.449,73113.14,69246.6,74974.7,0.24
2016-10-26,23.45,23.74,23.51,23.33,107280.8,0.19,0.81,23.266,23.296,23.47,76782.85,73874.28,75855.56,0.56
2016-10-25,23.22,23.37,23.31,23.11,64513.98,0.11,0.47,23.228,23.332,23.472,64106.44,67343.08,73146.31,0.34
2016-10-24,23.23,23.45,23.22,22.96,79859.05,-0.02,-0.09,23.24,23.406,23.488,64087.24,67886.38,74348.2,0.42
2016-10-21,23.02,23.38,23.23,23.0,67569.37,0.19,0.82,23.208,23.461,23.508,64582.3,70063.03,74573.97,0.35
2016-10-20,23.35,23.39,23.06,23.0,64691.06,-0.25,-1.07,23.23,23.487,23.506,65380.06,68804.68,73883.91,0.34
2016-10-19,23.4,23.44,23.32,23.27,43898.76,-0.05,-0.21,23.326,23.505,23.515,70965.71,68712.45,74932.81,0.23
2016-10-18,22.97,23.39,23.37,22.94,64417.97,0.36,1.56,23.436,23.508,23.523,70579.71,68574.26,81890.93,0.34
2016-10-17,23.39,23.42,23.06,22.91,82334.32,-0.28,-1.2,23.572,23.51,23.535,71685.52,69314.09,83186.14,0.43
2016-10-14,23.56,23.6,23.34,23.21,71558.21,-0.22,-0.93,23.714,23.532,23.559,75543.76,72603.92,82440.5,0.38
2016-10-13,23.89,23.94,23.54,23.47,92619.31,-0.33,-1.38,23.744,23.621,23.563,72229.3,80702.8,84213.03,0.49
2016-10-12,23.89,23.96,23.87,23.77,41968.75,-0.17,-0.71,23.684,23.644,23.56,66459.18,77836.84,85595.29,0.22
2016-10-11,23.81,24.09,24.05,23.7,69946.99,0.28,1.18,23.58,23.612,23.544,66568.81,78949.54,88756.64,0.37
2016-10-10,23.79,24.15,23.77,23.66,101625.52,0.29,1.24,23.448,23.569,23.532,66942.66,80810.03,91364.56,0.53
2016-09-30,23.36,23.64,23.49,23.32,54985.93,0.27,1.16,23.35,23.555,23.532,69664.09,79084.92,97531.21,0.29
2016-09-29,23.24,23.45,23.24,23.18,63768.72,-0.1,-0.43,23.498,23.525,23.523,89176.29,78963.15,102220.98,0.33
2016-09-28,23.44,23.54,23.35,23.23,42516.88,-0.04,-0.17,23.604,23.525,23.521,89214.49,81153.17,108471.04,0.22
2016-09-27,23.13,23.45,23.39,23.06,71816.23,0.11,0.47,23.644,23.538,23.513,91330.26,95207.6,114093.7,0.38
2016-09-26,24.18,24.18,23.28,23.26,115232.7,-0.96,-3.96,23.69,23.559,23.499,94677.4,97058.2,123306.56,0.6
2016-09-23,23.81,24.35,24.23,23.81,152546.92,0.47,1.98,23.76,23.586,23.475,88505.76,92277.07,134734.7,0.8
2016-09-22,23.68,23.84,23.77,23.58,63959.73,0.22,0.93,23.552,23.505,23.396,68750.0,87723.27,143366.09,0.34
2016-09-21,23.7,23.87,23.55,23.48,53095.74,-0.07,-0.3,23.446,23.475,23.29,73091.85,93353.73,145769.07,0.28
2016-09-20,23.56,23.98,23.62,23.48,88551.92,-0.01,-0.04,23.432,23.476,23.208,99084.93,98563.73,148741.07,0.46
2016-09-19,23.2,23.65,23.63,23.19,84374.47,0.43,1.85,23.428,23.495,23.112,99438.99,101919.09,147383.24,0.44
2016-09-14,23.02,23.42,23.19,23.02,53768.14,-0.03,-0.13,23.412,23.508,23.012,96048.38,115977.5,150420.23,0.28
2016-09-13,23.4,23.51,23.24,23.12,85668.99,-0.25,-1.06,23.458,23.52,22.948,106696.54,125478.82,153318.52,0.45
2016-09-12,23.3,23.52,23.48,22.88,183061.12,-0.11,-0.47,23.504,23.516,22.865,113615.62,135788.9,158264.8,0.96
2016-09-09,23.5,23.85,23.6,23.48,90322.22,0.04,0.17,23.52,23.488,22.777,98042.54,132979.8,158157.34,0.47
2016-09-08,23.48,23.69,23.55,23.31,67421.45,0.14,0.6,23.562,23.438,22.655,104399.19,149554.91,159529.15,0.35
2016-09-07,23.55,23.93,23.42,23.28,107008.92,-0.05,-0.21,23.604,23.363,22.522,135906.61,177192.32,160119.08,0.56
2016-09-06,23.4,23.61,23.47,23.23,120264.37,-0.09,-0.38,23.582,23.286,22.41,144261.1,199008.91,160107.8,0.63
2016-09-05,23.8,23.92,23.56,23.43,105195.74,-0.24,-1.01,23.528,23.104,22.317,157962.18,198184.4,157822.91,0.55
2016-09-02,23.74,23.84,23.81,23.48,122105.47,0.06,0.25,23.456,22.939,22.226,167917.05,198918.41,157279.6,0.64
2016-09-01,23.39,24.12,23.76,23.34,224958.55,0.43,1.84,23.314,22.729,22.094,194710.64,192847.39,155364.46,1.18
2016-08-31,23.06,23.36,23.31,22.82,148781.38,0.13,0.56,23.122,22.516,21.955,218478.04,184862.97,147272.47,0.78
2016-08-30,23.4,23.89,23.2,23.1,188769.77,0.0,0.0,22.99,22.375,21.838,253756.71,181158.21,143278.96,0.99
2016-08-29,23.0,23.37,23.2,22.87,154970.09,0.08,0.35,22.68,22.213,21.738,238406.62,180740.71,138656.31,0.81
2016-08-26,22.74,23.37,23.1,22.7,256073.41,0.34,1.49,22.422,22.066,21.617,229919.78,183334.89,138732.5,1.34
2016-08-25,22.5,23.06,22.8,22.22,343795.53,0.14,0.62,22.144,21.871,21.544,190984.13,169503.38,133518.32,1.8
2016-08-24,21.85,22.85,22.65,21.85,325174.75,1.08,5.01,21.91,21.68,21.485,151247.9,143045.84,127988.71,1.71
2016-08-23,22.0,22.13,21.65,21.49,112019.33,-0.25,-1.14,21.76,21.533,21.432,108559.72,121206.7,114933.01,0.59
2016-08-22,21.57,22.15,21.91,21.57,112535.86,0.2,0.92,21.746,21.53,21.423,123074.79,117461.42,114510.43,0.59
2016-08-19,21.6,21.85,21.71,21.56,61395.19,0.08,0.37,21.71,21.513,21.384,136750.01,115640.78,114678.01,0.32
2016-08-18,21.8,21.97,21.63,21.49,145114.39,-0.27,-1.23,21.598,21.458,21.361,148022.63,117881.53,117878.52,0.76
2016-08-17,21.56,22.05,21.9,21.56,111733.81,0.35,1.62,21.45,21.394,21.321,134843.77,109681.96,113501.38,0.59
2016-08-16,21.73,22.0,21.58,21.53,184594.7,-0.16,-0.74,21.306,21.301,21.269,133853.68,105399.71,111935.44,0.97
2016-08-15,21.19,21.88,21.73,21.12,180911.95,0.6,2.84,21.314,21.262,21.237,111848.05,96571.91,108210.11,0.95
2016-08-12,20.91,21.18,21.15,20.77,117758.29,0.26,1.25,21.316,21.168,21.206,94531.55,94130.11,104843.42,0.62
2016-08-11,21.18,21.42,20.89,20.87,79220.08,-0.28,-1.32,21.318,21.216,21.193,87740.43,97533.26,102217.0,0.42
2016-08-10,21.63,21.79,21.18,21.11,106783.38,-0.45,-2.08,21.338,21.29,21.187,84520.15,112931.59,108345.34,0.56
2016-08-09,21.8,21.87,21.62,21.53,74566.54,-0.1,-0.46,21.296,21.33,21.167,76945.74,108659.32,114809.83,0.39
2016-08-08,21.18,21.74,21.74,21.02,94329.47,0.57,2.69,21.21,21.315,21.086,81295.77,111559.43,117624.54,0.49
2016-08-05,20.98,21.38,21.16,20.92,83802.69,0.18,0.86,21.02,21.255,20.99,93728.66,113715.25,116536.9,0.44
2016-08-04,20.97,21.11,20.99,20.7,63118.69,0.02,0.1,21.114,21.264,20.927,107326.09,117875.5,122361.77,0.33
2016-08-03,21.01,21.3,20.97,20.86,68911.3,-0.22,-1.04,21.242,21.248,20.863,141343.02,117320.79,125392.67,0.36
2016-08-02,20.87,21.23,21.19,20.87,96316.68,0.39,1.88,21.364,21.236,20.787,140372.9,118471.17,127014.56,0.51
2016-08-01,21.55,21.55,20.79,20.7,156493.95,-0.82,-3.79,21.42,21.212,20.694,141823.1,119848.31,127023.8,0.82
2016-07-29,22.31,22.31,21.63,21.6,151789.84,-0.07,-0.32,21.49,21.243,20.602,133701.83,115556.72,121547.81,0.8
2016-07-27,21.64,22.18,21.63,20.81,233203.31,0.04,0.18,21.414,21.169,20.472,128424.91,106900.74,117287.56,1.22
2016-07-26,21.48,21.7,21.58,21.36,64060.7,0.1,0.47,21.254,21.084,20.332,93298.57,103759.09,108934.54,0.34
2016-07-25,21.19,21.73,21.47,21.15,103567.68,0.33,1.56,21.108,21.003,20.197,96569.44,120960.35,109555.06,0.54
2016-07-22,21.24,21.76,21.14,21.04,115887.62,-0.1,-0.47,21.004,20.856,20.059,97873.52,123689.65,107341.01,0.61
2016-07-21,20.84,21.45,21.25,20.74,125405.23,0.41,1.97,20.996,20.724,19.927,97411.62,119358.56,105432.12,0.66
2016-07-20,20.8,21.08,20.83,20.78,57571.6,-0.01,-0.05,20.924,20.59,19.795,85376.58,126848.03,101287.89,0.3
2016-07-19,20.8,20.98,20.85,20.6,80415.09,-0.09,-0.43,20.914,20.478,19.701,114219.6,133464.54,101028.99,0.42
2016-07-18,21.11,21.28,20.95,20.72,110088.04,-0.16,-0.76,20.898,20.338,19.596,145351.25,135557.94,100017.32,0.58
2016-07-15,21.01,21.41,21.1,21.0,113578.13,0.21,1.0,20.708,20.176,19.487,149505.78,134199.3,97005.7,0.6
2016-07-14,20.76,20.97,20.89,20.67,65230.04,0.1,0.48,20.452,19.961,19.365,141305.49,127538.89,94767.41,0.34
2016-07-13,20.85,21.39,20.78,20.76,201786.72,0.01,0.05,20.256,19.774,19.245,168319.48,127674.38,94682.56,1.06
2016-07-12,20.08,20.88,20.77,20.0,236073.31,0.78,3.9,20.042,19.58,19.143,152709.49,114110.0,88224.71,1.24
2016-07-11,20.3,20.38,20.0,19.95,130860.68,0.17,0.86,19.778,19.39,19.032,125764.64,98149.77,81523.35,0.69
2016-07-08,19.99,19.99,19.82,19.66,72576.72,-0.09,-0.45,19.644,19.262,18.964,118892.83,90992.38,79394.61,0.38
2016-07-07,19.76,20.33,19.91,19.71,200299.97,0.19,0.96,19.47,19.129,18.935,113772.29,91505.69,79363.86,1.05
2016-07-06,19.4,19.85,19.71,19.2,123736.75,0.29,1.49,19.292,19.0,18.909,87029.28,75727.76,71824.41,0.65
2016-07-05,19.51,19.62,19.45,19.36,101349.08,0.13,0.67,19.118,18.923,18.894,75510.52,68593.43,68673.36,0.53
2016-07-04,18.9,19.33,19.33,18.86,96501.61,0.38,2.0,19.002,18.854,18.895,70534.9,64476.7,69449.06,0.51
2016-07-01,19.04,19.1,18.95,18.93,46974.06,-0.07,-0.37,18.88,18.798,18.885,63091.93,59812.09,66935.13,0.25
2016-06-30,18.84,19.12,19.02,18.84,66584.91,0.19,1.01,18.788,18.768,18.895,69239.08,61995.92,67682.92,0.35
2016-06-29,18.91,18.98,18.84,18.79,66142.92,-0.03,-0.16,18.708,18.715,18.908,64426.23,61690.74,70998.83,0.35
2016-06-28,18.61,18.9,18.87,18.53,76471.01,0.16,0.85,18.728,18.705,18.898,61676.35,62339.43,69358.84,0.4
2016-06-27,18.39,18.76,18.72,18.39,59286.75,0.25,1.35,18.706,18.674,18.889,58418.49,64896.93,67544.87,0.31
2016-06-24,18.64,18.72,18.49,18.25,77709.79,-0.13,-0.7,18.716,18.666,18.887,56532.25,67796.83,66970.64,0.41
2016-06-23,18.66,18.76,18.62,18.59,42520.68,-0.01,-0.05,18.748,18.741,18.894,54752.76,67222.04,65802.03,0.22
2016-06-22,18.75,18.97,18.94,18.66,52393.51,0.18,0.96,18.722,18.818,18.901,58955.24,67921.07,65931.64,0.27
2016-06-21,18.85,19.05,18.76,18.66,60181.72,-0.01,-0.05,18.682,18.865,18.892,63002.51,68753.28,65648.48,0.32
2016-06-20,18.67,18.83,18.77,18.62,49855.54,0.11,0.59,18.642,18.935,18.885,71375.37,74421.42,64337.76,0.26
2016-06-17,18.55,18.83,18.65,18.55,68812.35,0.16,0.86,18.616,18.971,18.874,79061.42,74058.17,64399.22,0.36
2016-06-16,18.7,18.83,18.49,18.45,63533.09,-0.24,-1.28,18.734,19.021,18.869,79691.31,73369.91,65214.19,0.33
2016-06-15,18.41,18.86,18.74,18.34,72629.84,0.19,1.02,18.914,19.101,18.88,76886.9,80306.93,65173.12,0.38
2016-06-14,18.57,18.63,18.56,18.4,102046.02,-0.09,-0.48,19.048,19.091,18.883,74504.05,76378.25,64701.13,0.54
2016-06-13,19.0,19.05,18.64,18.64,88285.81,-0.61,-3.17,19.228,19.103,18.887,77467.47,70192.81,62894.65,0.46
2016-06-08,19.3,19.37,19.24,19.16,71961.79,-0.14,-0.72,19.326,19.108,18.892,69054.91,66144.44,62882.75,0.38
2016-06-07,19.45,19.47,19.39,19.2,49511.05,-0.02,-0.1,19.308,19.047,18.874,67048.52,64382.03,66217.71,0.26
2016-06-06,19.48,19.6,19.41,19.3,60715.59,-0.06,-0.31,19.288,18.984,18.829,83726.95,63942.2,66437.51,0.32
2016-06-03,19.24,19.64,19.46,19.15,116863.13,0.32,1.67,19.134,18.919,18.788,78252.46,62543.67,69210.28,0.61
2016-06-02,19.13,19.27,19.13,19.09,46222.99,-0.01,-0.05,18.978,18.835,18.773,62918.15,54254.09,67432.14,0.24
2016-06-01,19.27,19.34,19.15,19.13,61929.84,-0.13,-0.67,18.89,18.776,18.802,63233.97,54740.28,68517.45,0.32
2016-05-31,18.66,19.3,19.29,18.66,132903.22,0.65,3.49,18.786,18.716,18.832,61715.54,57058.47,69445.62,0.7
2016-05-30,18.73,18.77,18.64,18.49,33343.11,-0.04,-0.21,18.68,18.658,18.855,44157.45,50039.31,70228.62,0.17
2016-05-27,18.7,18.77,18.68,18.58,40191.59,-0.02,-0.11,18.704,18.675,18.889,46834.89,53024.01,71320.26,0.21
2016-05-26,18.63,18.74,18.69,18.45,47802.08,0.06,0.32,18.692,18.67,18.91,45590.03,55596.48,71322.85,0.25
2016-05-25,18.9,18.96,18.63,18.56,54337.7,-0.13,-0.69,18.662,18.676,18.935,46246.6,59621.06,71750.51,0.28
2016-05-24,18.72,18.92,18.76,18.64,45112.79,-0.01,-0.05,18.646,18.701,18.958,52401.4,68053.38,71784.3,0.24
2016-05-23,18.65,18.84,18.76,18.6,46730.28,0.14,0.75,18.636,18.674,18.969,55921.17,68932.82,72512.34,0.25
2016-05-20,18.44,18.63,18.62,18.3,33967.31,0.06,0.32,18.646,18.656,18.991,59213.12,75876.88,73363.03,0.18
2016-05-19,18.52,18.68,18.54,18.42,51084.91,0.01,0.05,18.648,18.71,19.019,65602.93,80610.19,74966.66,0.27
2016-05-18,18.61,18.72,18.55,18.32,85111.7,-0.15,-0.8,18.69,18.827,19.06,72995.51,82294.62,81600.26,0.45
2016-05-17,18.86,18.96,18.71,18.65,62711.64,-0.1,-0.53,18.756,18.948,19.132,83705.36,81832.78,80434.63,0.33
2016-05-16,18.69,18.84,18.81,18.52,63190.06,0.17,0.91,18.712,19.052,19.191,81944.47,90417.93,80710.27,0.33
2016-05-13,18.73,18.87,18.63,18.42,65916.32,-0.1,-0.53,18.666,19.102,19.264,92540.64,89616.5,80704.39,0.35
2016-05-12,18.68,18.76,18.75,18.4,88047.85,-0.13,-0.69,18.772,19.149,19.355,95617.46,87049.21,83327.35,0.46
2016-05-11,18.57,19.34,18.88,18.47,138660.94,0.38,2.05,18.964,19.194,19.43,91593.72,83879.96,86138.99,0.73
2016-05-10,18.45,18.68,18.49,18.44,53907.16,-0.1,-0.54,19.14,19.214,19.492,79960.19,75515.23,85845.36,0.28
2016-05-09,19.01,19.01,18.58,18.48,116170.91,-0.56,-2.93,19.392,19.263,19.571,98891.39,76091.86,90577.36,0.61
2016-05-06,19.72,19.83,19.16,19.13,81300.43,-0.56,-2.84,19.538,19.326,19.612,86692.37,70849.17,89542.84,0.43
2016-05-05,19.67,19.78,19.71,19.55,67929.16,-0.04,-0.2,19.526,19.328,19.641,78480.96,69323.13,90232.95,0.36
2016-05-04,19.61,19.87,19.76,19.61,80493.3,0.02,0.1,19.424,19.293,19.665,76166.2,80905.9,91980.99,0.42
2016-05-03,19.31,19.88,19.75,19.19,148563.16,0.44,2.28,19.288,19.316,19.683,71070.27,79036.49,95008.14,0.78
2016-04-29,19.1,19.38,19.31,19.08,55175.81,0.21,1.1,19.134,19.329,19.693,53292.32,71002.61,92679.0,0.29
2016-04-28,19.25,19.3,19.1,18.91,40243.39,-0.08,-0.42,19.114,19.425,19.724,55005.97,71792.28,95201.07,0.21
2016-04-27,19.15,19.34,19.2,19.09,56355.32,0.12,0.63,19.13,19.561,19.764,60165.3,79605.48,99635.0,0.3
2016-04-26,18.9,19.18,19.08,18.9,55013.66,0.1,0.53,19.162,19.665,19.774,85645.6,88398.02,102548.36,0.29
2016-04-25,19.22,19.23,18.98,18.82,59673.42,-0.22,-1.15,19.344,19.769,19.81,87002.72,96175.49,104858.12,0.31
2016-04-22,19.13,19.27,19.21,19.11,63744.07,0.03,0.16,19.524,19.878,19.85,88712.9,105062.86,104991.26,0.33
2016-04-21,19.36,19.49,19.18,19.16,66040.04,-0.2,-1.03,19.736,19.897,19.876,88578.59,108236.5,106534.15,0.35
2016-04-20,20.01,20.02,19.36,19.08,183756.8,-0.63,-3.15,19.992,19.954,19.923,99045.66,111142.78,107751.71,0.96
2016-04-19,20.0,20.08,19.99,19.86,61799.25,0.11,0.55,20.168,20.037,19.961,91150.45,103056.08,105846.65,0.32
2016-04-18,20.19,20.19,19.88,19.85,68224.35,-0.38,-1.88,20.194,20.049,19.964,105348.26,110979.8,116770.91,0.36
2016-04-15,20.42,20.47,20.27,20.21,63072.53,-0.17,-0.83,20.232,20.056,19.94,121412.81,114355.38,123092.19,0.33
2016-04-14,20.35,20.65,20.46,20.26,118375.38,0.22,1.09,20.058,20.023,19.888,127894.4,118609.85,125827.97,0.62
2016-04-13,20.23,20.48,20.24,20.18,144280.73,0.13,0.65,19.916,19.966,19.817,123239.89,119664.52,128132.16,0.76
2016-04-12,20.01,20.4,20.12,19.95,132788.33,0.05,0.25,19.906,19.882,19.754,114961.72,116698.7,126639.33,0.7
2016-04-11,19.51,20.18,20.07,19.5,148547.09,0.66,3.4,19.904,19.85,19.694,116611.33,113540.75,125509.52,0.78
2016-04-08,19.65,19.75,19.4,19.25,95480.49,-0.35,-1.77,19.88,19.822,19.613,107297.96,104919.66,121162.44,0.5
2016-04-07,20.25,20.29,19.75,19.69,95102.81,-0.44,-2.18,19.988,19.855,19.581,109325.3,104831.79,120246.29,0.5
2016-04-06,20.11,20.27,20.19,20.04,102889.88,0.1,0.5,20.016,19.892,19.542,116089.15,104360.64,120668.68,0.54
2016-04-05,19.94,20.15,20.11,19.72,141036.38,0.16,0.8,19.858,19.885,19.487,118435.68,108637.23,120386.59,0.74
2016-04-01,20.05,20.18,19.95,19.58,101980.23,0.02,0.1,19.796,19.878,19.437,110470.17,122562.02,119323.69,0.53
2016-03-31,19.99,20.08,19.94,19.87,105617.19,0.05,0.25,19.764,19.824,19.397,102541.37,131829.0,125863.2,0.55
2016-03-30,19.6,19.94,19.89,19.55,128922.09,0.49,2.53,19.722,19.753,19.344,100338.29,133046.1,128893.65,0.68
2016-03-29,19.84,19.91,19.4,19.26,114622.51,-0.4,-2.02,19.768,19.668,19.291,92632.13,136599.8,128666.05,0.6
2016-03-28,19.81,20.26,19.8,19.63,101208.83,0.0,0.0,19.912,19.625,19.228,98838.77,136579.95,126108.73,0.53
2016-03-25,19.71,19.93,19.79,19.67,62336.22,0.06,0.3,19.96,19.537,19.135,134653.87,137478.29,127221.49,0.33
2016-03-24,20.17,20.17,19.73,19.7,94601.79,-0.39,-1.94,19.884,19.404,19.053,161116.64,137405.21,128630.98,0.5
2016-03-23,20.13,20.34,20.12,19.91,90391.28,-0.02,-0.1,19.784,19.307,18.952,165753.91,135660.79,132530.52,0.47
2016-03-22,19.83,20.42,20.12,19.81,145655.73,0.08,0.4,19.568,19.191,18.907,180567.48,136976.72,138477.06,0.76
2016-03-21,20.0,20.47,20.04,19.95,280284.31,0.63,3.25,19.338,19.088,18.852,174321.14,132135.96,139166.36,1.47
2016-03-18,19.29,19.65,19.41,19.22,194650.09,0.17,0.88,19.114,18.995,18.793,140302.71,116085.36,132929.03,1.02
2016-03-17,19.14,19.3,19.23,18.88,117788.13,0.19,1.0,18.924,18.97,18.757,113693.78,119897.4,127010.94,0.62
2016-03-16,18.98,19.14,19.04,18.85,164459.12,-0.02,-0.1,18.83,18.935,18.72,105567.67,124741.21,125648.88,0.86
2016-03-15,18.75,19.14,18.97,18.57,114424.03,0.06,0.32,18.814,18.913,18.703,93385.97,120732.29,123062.04,0.6
2016-03-14,18.63,19.07,18.92,18.54,110192.18,0.43,2.33,18.838,18.831,18.687,89950.78,115637.5,124334.1,0.58
2016-03-11,18.59,18.62,18.46,18.35,61605.42,-0.22,-1.18,18.876,18.733,18.643,91868.01,116964.7,122600.35,0.32
2016-03-10,18.8,18.94,18.76,18.55,77157.62,-0.2,-1.05,19.016,18.701,18.627,126101.02,119856.75,122680.99,0.4
2016-03-09,18.78,18.99,18.96,18.47,103550.59,-0.13,-0.68,19.04,18.596,18.605,143914.74,129400.25,122911.88,0.54
2016-03-08,19.04,19.14,19.09,18.52,97248.11,-0.01,-0.05,19.012,18.622,18.564,148078.62,139977.41,121378.78,0.51
2016-03-07,19.18,19.35,19.11,18.88,119778.29,-0.05,-0.26,18.824,18.616,18.529,141324.22,146196.77,120454.92,0.63
2016-03-04,18.75,19.28,19.16,18.63,232770.48,0.28,1.48,18.59,18.591,18.481,142061.39,149772.71,119153.26,1.22
2016-03-03,18.8,18.9,18.88,18.58,166226.23,0.05,0.27,18.386,18.543,18.432,113612.48,134124.48,114688.64,0.87
2016-03-02,18.32,18.89,18.82,18.17,124369.99,0.68,3.75,18.152,18.504,18.362,114885.76,126556.54,116845.14,0.65
2016-03-01,17.95,18.21,18.15,17.68,63476.11,0.2,1.11,18.232,18.492,18.286,131876.19,125391.78,120859.78,0.33
2016-02-29,18.03,18.17,17.94,17.4,123464.16,-0.19,-1.05,18.408,18.542,18.259,151069.31,133030.69,126887.96,0.65
2016-02-26,17.88,18.2,18.14,17.8,90525.9,0.43,2.43,18.592,18.552,18.296,157484.02,128235.99,125393.65,0.47
2016-02-25,19.1,19.12,17.71,17.54,172592.64,-1.52,-7.9,18.7,18.552,18.311,154636.48,125505.23,131372.69,0.91
2016-02-24,19.28,19.49,19.22,18.86,209322.14,0.19,1.0,18.856,18.613,18.363,138227.33,116423.51,130108.73,1.1
2016-02-23,18.98,19.07,19.03,18.76,159441.73,0.17,0.9,18.752,18.505,18.362,118907.37,102780.15,127853.3,0.84
2016-02-22,18.9,18.95,18.86,18.67,155537.7,0.19,1.02,18.676,18.441,18.396,114992.07,94713.07,129098.45,0.82
2016-02-19,18.54,18.77,18.68,18.5,76288.17,0.19,1.03,18.512,18.371,18.41,98987.96,88533.81,131119.64,0.4
2016-02-18,18.83,18.89,18.49,18.45,90546.89,-0.21,-1.12,18.404,18.32,18.466,96373.98,95252.79,132955.62,0.47
2016-02-17,18.64,18.73,18.7,18.43,112722.35,0.05,0.27,18.37,18.219,18.549,94619.7,107133.74,134899.44,0.59
2016-02-16,18.21,18.73,18.65,18.18,139865.23,0.55,3.04,18.258,18.08,18.599,86652.93,116327.78,135817.12,0.73
2016-02-15,17.8,18.15,18.04,17.7,75517.17,-0.1,-0.55,18.206,17.975,18.668,74434.08,120745.23,135935.93,0.4
2016-02-05,18.39,18.58,18.14,18.1,63218.28,-0.2,-1.09,18.23,18.039,18.763,78079.67,122551.3,139411.82,0.33
2016-02-04,18.25,18.43,18.32,18.2,81775.45,0.15,0.83,18.236,18.07,18.906,94131.61,137240.15,144822.82,0.43
2016-02-03,18.25,18.25,18.14,17.8,72888.5,-0.25,-1.36,18.068,18.112,19.02,119647.78,143793.95,142423.15,0.38
2016-02-02,18.1,18.56,18.39,18.08,78770.99,0.25,1.38,17.902,18.219,19.229,146002.64,152926.45,144006.4,0.41
2016-02-01,18.19,18.25,18.16,17.9,93745.11,-0.03,-0.17,17.744,18.35,19.411,167056.39,163483.83,149826.53,0.49
2016-01-29,17.5,18.33,18.17,17.48,143477.98,0.69,3.95,17.848,18.449,19.596,167022.93,173705.47,152769.64,0.75
2016-01-28,17.2,17.75,17.48,17.0,209356.3,0.16,0.92,17.904,18.612,19.862,180348.68,170658.44,152966.0,1.1
2016-01-27,17.7,17.74,17.31,16.5,204662.83,-0.35,-1.98,18.156,18.879,20.167,167940.12,162665.15,148724.28,1.07
2016-01-26,18.49,18.49,17.6,17.41,184039.72,-1.07,-5.73,18.536,19.118,20.478,159850.26,155306.46,146205.48,0.97
2016-01-25,18.6,18.75,18.68,18.45,93577.84,0.23,1.25,18.956,19.361,20.776,159911.27,151126.63,146703.89,0.49
2016-01-22,19.01,19.06,18.45,18.08,210106.73,-0.26,-1.39,19.05,19.487,21.038,180388.01,156272.34,147476.03,1.1
2016-01-21,19.03,19.46,18.74,18.68,147313.48,-0.47,-2.45,19.32,19.741,21.307,160968.2,152405.49,146613.97,0.77
2016-01-20,19.5,19.63,19.21,19.03,164213.55,-0.49,-2.49,19.602,19.927,21.575,157390.18,141052.34,154666.03,0.86
2016-01-19,19.26,19.71,19.7,18.91,184344.75,0.55,2.87,19.7,20.238,21.829,150762.66,135086.35,160481.97,0.97
2016-01-18,19.3,19.74,19.15,19.13,195961.52,-0.62,-3.14,19.766,20.472,22.071,142341.99,136169.23,167258.21,1.03
2016-01-15,20.01,20.17,19.8,19.6,113007.68,-0.34,-1.69,19.924,20.742,22.312,132156.68,131833.8,167854.01,0.59
2016-01-14,19.3,20.24,20.15,19.04,129423.4,0.45,2.28,20.162,21.111,22.534,143842.79,135273.56,178151.22,0.68
2016-01-13,20.21,20.4,19.7,19.56,131075.94,-0.33,-1.65,20.252,21.455,22.718,124714.51,134783.41,183039.09,0.69
2016-01-12,20.15,20.27,20.03,19.8,142241.41,0.07,0.35,20.776,21.838,22.927,119410.04,137104.5,193563.56,0.75
2016-01-11,20.5,20.84,19.94,19.94,145034.95,-1.05,-5.0,21.178,22.19,23.138,129996.47,142281.15,219620.81,0.76
2016-01-08,21.3,21.43,20.99,20.4,171438.23,0.23,1.11,21.56,22.589,23.402,131510.93,138679.72,217314.55,0.9
2016-01-07,22.02,22.02,20.6,20.59,33782.0,-1.72,-7.71,22.06,22.872,23.618,126704.32,140822.45,213201.81,0.18
2016-01-06,22.15,22.41,22.32,22.04,104553.62,0.28,1.27,22.658,23.222,23.868,144852.31,168279.72,218235.99,0.55
2016-01-05,21.49,22.26,22.04,21.31,195173.55,0.14,0.64,22.9,23.419,24.053,154798.95,185877.58,223466.64,1.02
2016-01-04,23.49,23.5,21.85,21.83,152607.25,-1.64,-6.98,23.202,23.67,24.201,154565.83,198347.2,218958.06,0.8
2015-12-31,23.57,23.84,23.49,23.43,147405.2,-0.09,-0.38,23.618,23.882,24.378,145848.5,203874.22,216772.75,0.77
2015-12-30,23.58,23.67,23.59,23.39,124521.91,0.07,0.3,23.684,23.956,24.462,154940.57,221028.89,216767.54,0.65
2015-12-29,23.61,23.67,23.53,23.19,154286.83,-0.01,-0.04,23.786,23.98,24.505,191707.12,231294.77,217917.54,0.81
2015-12-28,24.06,24.17,23.55,23.52,194007.98,-0.39,-1.63,23.938,24.015,24.535,216956.22,250022.62,218760.7,1.02
2015-12-25,23.83,23.98,23.93,23.79,109020.6,0.11,0.46,24.138,24.086,24.576,242128.56,296960.47,216742.55,0.57
2015-12-24,24.15,24.22,23.82,23.52,192865.55,-0.27,-1.12,24.146,24.215,24.667,261899.93,295949.39,217413.51,1.01
2015-12-23,24.3,24.69,24.1,24.02,308354.66,-0.18,-0.74,24.228,24.364,24.776,287117.21,285581.17,214274.6,1.62
2015-12-22,24.59,24.75,24.29,24.0,280532.31,-0.25,-1.02,24.174,24.514,24.852,270882.42,268192.27,203515.14,1.47
2015-12-21,24.17,24.88,24.55,24.17,319869.69,0.56,2.33,24.092,24.686,24.92,283089.01,261055.7,195591.85,1.68
2015-12-18,24.07,24.23,23.97,23.91,207877.44,-0.25,-1.03,24.034,24.732,24.992,351792.39,239568.93,187281.25,1.09
2015-12-17,23.96,24.24,24.23,23.95,318951.97,0.41,1.72,24.284,24.874,25.084,329998.84,229671.29,181651.22,1.67
2015-12-16,23.81,24.19,23.83,23.72,227180.69,-0.05,-0.21,24.5,24.968,25.134,284045.12,212506.18,172093.45,1.19
2015-12-15,23.9,24.1,23.88,23.72,341565.28,-0.38,-1.57,24.854,25.029,25.237,265502.13,204540.3,169079.78,1.79
2015-12-14,23.51,24.38,24.26,23.14,663386.56,-0.95,-3.77,25.28,25.054,25.351,239022.38,187498.79,157896.62,3.48
2015-12-10,25.25,25.68,25.22,25.14,98909.72,-0.1,-0.4,25.43,25.065,25.427,127345.47,136524.63,133916.34,0.52
2015-12-09,25.53,25.77,25.31,25.18,89183.37,-0.29,-1.13,25.464,25.118,25.497,129343.73,138877.64,140303.15,0.47
2015-12-08,25.83,25.93,25.6,25.45,134465.7,-0.4,-1.54,25.436,25.187,25.556,140967.24,142968.04,144952.66,0.71
2015-12-07,25.3,26.27,26.01,25.3,209166.53,0.99,3.96,25.204,25.189,25.598,143578.48,138838.01,150357.09,1.1
2015-12-04,25.29,25.34,25.01,24.9,105002.05,-0.37,-1.46,24.828,25.154,25.63,135975.19,130128.01,159169.49,0.55
2015-12-03,25.2,25.47,25.39,25.12,108901.0,0.23,0.91,24.7,25.252,25.694,145703.78,134993.57,169186.25,0.57
2015-12-02,24.41,25.25,25.17,24.31,147300.94,0.72,2.94,24.772,25.293,25.724,148411.55,133631.14,179384.87,0.77
2015-12-01,24.28,24.96,24.44,24.18,147521.86,0.31,1.28,24.938,25.3,25.746,144968.83,131680.71,184956.05,0.77
2015-11-30,24.43,24.7,24.13,23.68,171150.12,-0.24,-0.98,25.174,25.445,25.754,134097.54,133619.26,183137.2,0.9
2015-11-27,25.71,25.75,24.37,24.02,153644.98,-1.38,-5.36,25.48,25.648,25.781,124280.83,128294.46,182598.48,0.81
2015-11-26,26.12,26.36,25.75,25.73,122439.87,-0.25,-0.96,25.804,25.788,25.808,124283.36,131308.05,182391.79,0.64
2015-11-25,25.48,26.01,26.0,25.37,130087.32,0.39,1.52,25.814,25.875,25.779,118850.73,141728.67,182524.23,0.68
2015-11-24,25.56,25.72,25.62,25.15,93165.4,-0.03,-0.12,25.662,25.924,25.725,118392.6,146937.29,184028.88,0.49
2015-11-23,26.1,26.18,25.66,25.61,122066.57,-0.33,-1.27,25.716,26.007,25.716,133140.97,161876.18,189969.94,0.64
2015-11-20,25.92,26.45,25.99,25.8,153657.66,0.2,0.78,25.816,26.105,25.719,132308.09,188210.97,199281.07,0.81
2015-11-19,25.4,25.83,25.8,25.39,95276.72,0.53,2.1,25.772,26.135,25.726,138332.73,203378.94,215549.46,0.5
2015-11-18,25.89,25.9,25.24,25.17,127796.64,-0.65,-2.51,25.936,26.155,25.697,164606.6,225138.6,225608.75,0.67
2015-11-17,26.2,26.6,25.89,25.81,166907.28,-0.28,-1.07,26.186,26.192,25.644,175481.98,238231.4,238502.12,0.88
2015-11-16,25.22,26.23,26.16,25.13,117902.15,0.39,1.51,26.298,26.063,25.639,190611.39,232655.15,245502.24,0.62
2015-11-13,26.24,26.38,25.77,25.69,183780.86,-0.84,-3.16,26.394,25.913,25.636,244113.86,236902.5,264508.77,0.96
2015-11-12,26.7,26.99,26.62,26.39,226646.06,0.13,0.49,26.498,25.827,25.599,268425.14,233475.53,271422.15,1.19
2015-11-11,26.4,26.65,26.49,26.21,182173.55,0.03,0.11,26.374,25.682,25.527,285670.6,223319.8,275895.35,0.96
2015-11-10,26.47,26.73,26.45,26.18,242554.31,-0.18,-0.68,26.198,25.525,25.442,300980.81,221120.47,285381.47,1.27
2015-11-09,26.3,27.43,26.64,26.27,385414.5,0.34,1.29,25.828,25.425,25.37,274698.92,218063.7,289845.66,2.02
2015-11-06,25.88,26.4,26.29,25.75,305337.28,0.3,1.15,25.432,25.332,25.285,229691.14,210351.17,310965.08,1.6
2015-11-05,25.71,26.25,26.0,25.41,312873.38,0.37,1.44,25.156,25.316,25.218,198525.92,227719.98,336674.34,1.64
2015-11-04,24.65,25.66,25.61,24.65,258724.58,1.02,4.15,24.99,25.238,25.124,160968.99,226078.89,326381.6,1.36
2015-11-03,24.78,24.91,24.6,24.46,111144.86,-0.04,-0.16,24.852,25.095,24.939,141260.13,238772.83,316170.7,0.58
2015-11-02,24.6,25.36,24.66,24.44,160375.59,-0.25,-1.0,25.022,25.215,24.805,161428.48,258349.33,315226.88,0.84
2015-10-30,25.11,25.37,24.91,24.71,149511.2,-0.29,-1.15,25.232,25.359,24.704,191011.21,292115.04,310339.8,0.78
2015-10-29,25.39,25.39,25.17,24.82,125088.71,0.26,1.04,25.476,25.371,24.589,256914.05,309368.78,307138.04,0.66
2015-10-28,25.39,25.67,24.92,24.84,160180.3,-0.53,-2.08,25.486,25.371,24.506,291188.79,328470.9,304418.89,0.84
2015-10-27,25.6,25.66,25.45,24.7,211986.59,-0.26,-1.01,25.338,25.358,24.452,336285.54,349642.48,299616.33,1.11
2015-10-26,26.3,26.38,25.71,25.44,308289.25,-0.42,-1.61,25.408,25.315,24.392,355270.18,361627.62,294853.93,1.62
2015-10-23,25.88,26.8,26.13,25.88,479025.38,0.84,3.32,25.486,25.237,24.294,393218.86,411578.98,283000.68,2.51
2015-10-22,24.3,25.38,25.22,24.3,296462.44,1.07,4.43,25.266,25.12,24.15,361823.51,445628.69,262690.54,1.56
2015-10-21,26.0,26.12,24.18,24.06,385664.03,-1.61,-6.24,25.256,25.009,24.049,365753.0,426684.31,253331.79,2.02
2015-10-20,25.85,25.99,25.8,25.41,306909.81,-0.3,-1.15,25.378,24.783,24.045,362999.42,393568.57,241281.78,1.61
2015-10-19,25.27,26.16,26.1,25.15,498032.66,1.07,4.28,25.222,24.394,23.888,367985.06,372104.42,231120.14,2.61
2015-10-16,25.37,25.48,25.03,24.56,322048.62,-0.16,-0.64,24.988,24.049,23.77,429939.1,328564.56,217204.84,1.69
2015-10-15,24.55,25.4,25.17,24.52,316109.88,0.39,1.57,24.974,23.806,23.711,529433.86,304907.3,206067.5,1.66
2015-10-14,24.77,25.74,24.79,24.75,371896.12,-0.24,-0.96,24.762,23.641,23.639,487615.61,280366.89,196562.89,1.95
2015-10-13,24.53,25.07,25.02,24.4,331838.0,0.09,0.36,24.188,23.545,23.581,424137.71,249590.19,187533.99,1.74
2015-10-12,24.52,25.75,24.93,24.31,807802.88,-0.01,-0.04,23.566,23.469,23.498,376223.79,228080.25,179707.82,4.24
2015-10-09,24.6,25.51,24.96,24.38,819522.44,0.85,3.53,23.11,23.351,23.34,227190.03,154422.38,151086.4,4.3
2015-10-08,24.11,24.11,24.11,24.11,107018.62,2.19,9.99,22.638,23.179,23.255,80380.74,79752.4,126496.16,0.56
2015-09-30,22.07,22.25,21.92,21.81,54506.63,0.0,0.0,22.52,23.088,23.184,73118.17,79979.27,139363.52,0.29
2015-09-29,22.39,22.39,21.91,21.78,92268.36,-0.75,-3.31,22.902,23.307,23.216,75042.67,88995.0,147473.24,0.48
2015-09-28,22.63,22.99,22.65,22.41,62634.09,0.03,0.13,23.372,23.381,23.252,79936.71,90135.85,157015.8,0.33
2015-09-25,23.5,23.74,22.6,22.49,85476.0,-0.91,-3.87,23.592,23.49,23.219,81654.73,105845.12,165875.97,0.45
2015-09-24,23.61,24.17,23.52,23.49,70705.76,-0.3,-1.26,23.72,23.615,23.108,79124.06,107227.69,176157.4,0.37
2015-09-23,24.01,24.32,23.83,23.65,64129.14,-0.49,-2.02,23.656,23.636,22.917,86840.38,112758.89,192832.48,0.34
2015-09-22,23.68,24.35,24.26,23.68,116738.54,0.51,2.15,23.712,23.617,22.803,102947.34,125477.78,207333.03,0.61
2015-09-21,22.98,24.0,23.75,22.84,71224.2,0.51,2.19,23.39,23.526,22.793,100335.0,131335.39,212868.02,0.37
2015-09-18,23.45,23.63,23.24,22.96,72822.67,0.01,0.04,23.388,23.328,22.824,130035.51,147750.42,216935.94,0.38
2015-09-17,23.9,24.22,23.2,23.12,109287.36,-0.91,-3.77,23.51,23.33,22.93,135331.32,173239.92,223517.46,0.57
2015-09-16,22.66,24.61,24.11,22.53,144663.92,1.39,6.12,23.616,23.28,23.025,138677.4,198747.77,231997.59,0.76
2015-09-15,23.1,23.35,22.65,22.5,103676.86,-1.16,-4.87,23.522,23.124,23.157,148008.22,205951.48,235616.39,0.54
2015-09-14,23.83,23.85,23.74,22.39,219726.72,-0.11,-0.46,23.662,23.123,23.361,162335.77,223895.74,238139.32,1.15
2015-09-11,23.55,24.06,23.85,23.4,99301.76,0.17,0.72,23.268,22.948,23.517,165465.32,225906.83,235672.38,0.52
2015-09-10,23.3,23.93,23.73,23.02,126017.73,0.11,0.47,23.15,22.601,23.647,211148.52,245087.11,246065.71,0.66
2015-09-09,23.31,23.86,23.64,23.06,191318.05,0.32,1.37,22.944,22.197,23.856,258818.14,272906.08,254208.21,1.0
2015-09-08,21.84,23.52,23.35,21.62,175314.61,1.57,7.21,22.726,21.989,24.094,263894.73,289188.29,261283.7,0.92
2015-09-07,23.27,23.98,21.77,21.77,235374.47,-1.49,-6.41,22.584,22.059,24.292,285455.71,294400.65,261801.05,1.24
2015-09-02,21.78,23.48,23.26,21.61,327717.75,0.56,2.47,22.628,22.319,24.545,286348.33,286121.47,256404.82,1.72
2015-09-01,22.15,22.71,22.7,21.5,364365.81,0.14,0.62,22.052,22.529,24.719,279025.7,273795.0,248761.17,1.91
2015-08-31,22.05,22.59,22.55,21.4,216701.02,0.0,0.0,21.45,22.77,24.958,286994.02,265247.42,242780.63,1.14
2015-08-28,22.29,23.13,22.64,21.73,283119.5,0.65,2.96,21.252,23.189,25.164,314481.84,265281.31,251404.33,1.49
2015-08-27,21.15,22.0,21.99,21.04,239837.59,1.61,7.9,21.534,23.599,25.324,303345.58,252382.9,248291.07,1.26
2015-08-26,20.3,21.47,20.38,19.74,291104.56,0.7,3.56,22.01,24.085,25.49,285894.6,245437.94,248257.26,1.53
2015-08-25,20.61,21.42,19.69,19.4,404207.41,-1.87,-8.67,23.006,24.693,25.797,268564.3,247044.31,248816.79,2.12
2015-08-24,22.99,22.99,21.56,21.56,354140.16,-2.4,-10.02,24.09,25.514,26.08,243500.83,235510.34,256064.05,1.86
2015-08-21,24.16,24.16,24.05,23.32,227438.19,-0.31,-1.27,25.126,26.199,26.229,216080.78,233379.11,263293.26,1.19
2015-08-20,25.0,25.1,24.37,24.33,152582.66,-0.93,-3.68,25.664,26.524,26.392,201420.22,229201.45,269977.16,0.8
2015-08-19,24.49,25.38,25.36,23.89,204453.06,0.27,1.08,26.16,26.77,26.573,204981.28,226688.17,281265.16,1.07
2015-08-18,26.77,26.96,25.11,24.5,278890.06,-1.62,-6.06,26.38,26.909,26.664,225524.32,223727.35,284513.77,1.46
2015-08-17,26.69,26.8,26.74,26.0,217039.91,0.04,0.15,26.938,27.146,26.787,227519.85,220313.84,285353.5,1.14
2015-08-14,26.94,27.05,26.74,26.5,154135.41,-0.11,-0.41,27.272,27.138,26.805,250677.44,237527.36,291553.12,0.81
2015-08-13,26.46,26.87,26.85,26.06,170387.95,0.4,1.51,27.384,27.049,26.836,256982.68,244199.24,300240.13,0.89
2015-08-12,27.15,27.29,26.46,26.38,307168.28,-1.15,-4.17,27.38,26.895,26.795,248395.05,251076.58,309494.41,1.61
2015-08-11,28.29,28.65,27.9,27.66,288867.69,-0.49,-1.73,27.438,26.9,26.732,221930.38,250589.27,320440.81,1.52
2015-08-10,27.42,28.55,28.41,27.19,332827.88,1.11,4.07,27.354,26.645,26.737,213107.83,276617.76,344324.71,1.75
2015-08-07,27.05,27.58,27.3,26.9,185661.61,0.49,1.83,27.004,26.259,26.772,224377.27,293207.41,373459.65,0.97
2015-08-06,26.5,27.3,26.83,26.0,127449.81,0.1,0.37,26.714,26.259,26.731,231415.8,310752.88,398403.82,0.67
2015-08-05,27.35,27.58,26.75,26.55,174844.92,-0.74,-2.69,26.41,26.376,26.592,253758.1,335842.16,428796.21,0.92
2015-08-04,26.65,27.51,27.48,26.57,244754.91,0.82,3.08,26.362,26.419,26.348,279248.17,345300.19,454920.21,1.28
2015-08-03,25.85,26.68,26.66,25.52,389175.09,0.82,3.17,25.936,26.427,26.182,340127.68,350393.16,478745.09,2.04
2015-07-31,25.0,25.95,25.85,24.9,220854.28,0.52,2.05,25.514,26.471,26.161,362037.55,345578.89,490778.79,1.16
2015-07-30,26.2,26.98,25.31,25.21,239161.3,-1.22,-4.6,25.804,26.622,26.137,390089.95,356281.02,504164.22,1.26
2015-07-29,25.4,26.88,26.51,24.79,302295.25,1.18,4.66,26.342,26.695,26.193,417926.21,367912.25,514190.35,1.59
2015-07-28,24.05,25.65,25.35,23.21,549152.5,0.8,3.26,26.476,26.563,26.25,411352.21,390292.34,521786.52,2.88
2015-07-27,26.49,26.7,24.55,24.55,498724.41,-2.73,-10.01,26.918,26.828,26.429,360658.64,412031.66,521589.55,2.62
2015-07-24,27.85,28.37,27.3,27.18,361116.31,-0.7,-2.5,27.428,27.285,26.518,329120.24,453711.89,526946.66,1.9
2015-07-23,27.18,28.53,28.0,27.02,378342.59,0.82,3.02,27.44,27.202,26.552,322472.08,486054.76,533464.12,1.99
2015-07-22,27.4,27.9,27.18,26.8,269425.22,-0.37,-1.34,27.048,26.808,26.711,317898.28,521750.27,529701.5,1.41
2015-07-21,27.0,27.89,27.56,26.6,295684.69,0.47,1.74,26.65,26.277,26.987,369232.48,564540.24,536532.28,1.55
2015-07-20,27.28,28.19,27.1,26.83,341032.38,-0.25,-0.91,26.738,25.936,27.197,463404.68,607097.01,539356.61,1.79
2015-07-17,26.12,27.77,27.36,26.12,327875.5,1.33,5.11,27.142,25.851,27.433,578303.54,635978.69,538828.64,1.72
2015-07-16,25.19,26.8,26.04,24.0,355473.62,0.85,3.37,26.964,25.651,27.714,649637.44,652047.42,541247.44,1.87
2015-07-15,27.34,27.34,25.19,25.19,526096.19,-2.8,-10.0,26.568,25.691,28.086,725602.26,660468.46,543455.66,2.76
2015-07-14,28.4,29.94,28.0,27.61,766545.69,-1.12,-3.85,25.904,25.936,28.491,759848.0,653280.7,535505.68,4.02
2015-07-13,27.2,29.12,29.12,26.49,915526.69,2.65,10.01,25.134,26.03,28.801,750789.34,631147.44,525970.14,4.8
2015-07-10,25.2,26.47,26.47,25.01,684545.0,2.41,10.02,24.56,25.751,29.108,693653.85,600181.43,499675.64,3.59
2015-07-09,21.5,24.06,24.06,20.12,735297.75,2.19,10.01,24.338,25.902,29.553,654457.4,580873.48,480981.8,3.86
2015-07-08,21.87,22.53,21.87,21.87,697324.88,-2.43,-10.0,24.814,26.614,30.149,595334.66,537652.73,465180.19,3.66
2015-07-07,25.5,26.2,24.15,23.6,721252.38,-2.07,-7.89,25.968,27.696,30.82,546713.39,508524.33,452179.31,3.78
2015-07-06,27.82,27.82,26.25,24.0,629849.25,0.96,3.8,26.926,28.457,31.422,511505.54,471616.22,443339.99,3.31
2015-07-03,25.98,27.44,25.36,23.66,488562.72,-0.67,-2.57,26.942,29.015,32.0,506709.02,441678.58,442653.17,2.56
2015-07-02,27.96,28.48,26.44,25.79,439684.06,-1.26,-4.55,27.466,29.777,32.645,507289.57,430447.46,450158.62,2.31
2015-07-01,28.5,29.75,27.64,27.6,454218.56,-1.3,-4.49,28.414,30.48,33.142,479970.79,426442.85,453603.96,2.38
2015-06-30,26.5,28.94,28.94,25.01,545213.12,2.63,10.0,29.424,31.046,33.622,470335.26,417730.65,463590.03,2.86
2015-06-29,28.7,29.1,26.33,25.18,605866.62,-1.65,-5.9,29.988,31.572,33.947,431726.9,420792.83,480328.87,3.18
2015-06-26,30.12,30.9,27.98,27.97,491465.5,-3.1,-9.97,31.088,32.464,34.333,376648.14,399169.85,498577.34,2.58
2015-06-25,32.65,32.65,31.18,30.88,303090.16,-1.51,-4.62,32.088,33.203,34.482,353605.35,381090.12,501417.27,1.59
2015-06-24,32.02,32.72,32.69,31.3,406040.88,0.91,2.86,32.546,33.684,34.546,372914.91,392707.65,509123.78,2.13
2015-06-23,31.81,32.1,31.76,29.75,352171.34,-0.07,-0.22,32.668,33.944,34.575,365126.05,395834.29,514142.38,1.85
2015-06-19,32.51,33.33,31.83,31.0,330472.81,-1.16,-3.52,33.156,34.387,34.649,409858.77,415063.76,534981.72,1.73
2015-06-18,33.2,34.34,32.98,32.86,376251.56,-0.47,-1.41,33.84,34.984,34.661,421691.56,443627.76,556296.07,1.97
2015-06-17,33.28,33.61,33.47,32.1,399637.94,0.19,0.57,34.318,35.513,34.47,408574.88,469869.78,554152.28,2.1
2015-06-16,34.15,34.7,33.3,33.01,367096.59,-0.9,-2.63,34.822,35.804,34.224,412500.39,480765.08,559972.7,1.93
2015-06-15,35.25,35.48,34.2,33.7,575834.94,-1.05,-2.98,35.22,36.197,33.985,426542.53,509449.41,565148.84,3.02
2015-06-12,35.57,36.3,35.25,35.17,389636.78,-0.12,-0.34,35.618,36.321,33.659,420268.74,539864.91,551978.66,2.04
2015-06-11,36.01,36.33,35.37,35.11,310668.16,-0.62,-1.72,36.128,36.202,33.254,465563.95,597984.82,546915.56,1.63
2015-06-10,35.09,36.53,35.99,34.69,419265.5,0.7,1.98,36.708,35.761,32.882,531164.67,621744.42,545241.12,2.2
2015-06-09,36.3,36.89,35.29,34.99,437307.28,-0.9,-2.49,36.786,35.408,32.493,549029.76,625539.9,546272.92,2.29
2015-06-08,37.45,37.45,36.19,35.8,544466.0,-1.61,-4.26,37.174,35.206,32.119,592356.28,632450.46,544874.03,2.86
2015-06-05,39.19,39.48,37.8,37.11,616112.81,-0.47,-1.23,37.024,34.91,31.687,659461.08,654899.68,535834.87,3.23
2015-06-04,36.1,38.35,38.27,34.99,638671.75,1.89,5.2,36.276,34.338,31.129,730405.7,668964.39,519930.18,3.35
2015-06-03,38.0,38.3,36.38,35.7,508590.97,-0.85,-2.28,34.814,33.427,30.536,712324.17,638434.78,505063.53,2.67
2015-06-02,35.0,37.7,37.23,34.49,653939.88,1.79,5.05,34.03,32.644,30.107,702050.04,639180.32,501644.7,3.43
2015-06-01,35.0,36.33,35.44,34.65,879990.0,1.38,4.05,33.238,31.772,29.614,672544.64,620848.27,488563.04,4.62
2015-05-29,31.79,34.06,34.06,31.51,970835.88,3.1,10.01,32.796,30.997,29.209,650338.27,564092.4,456432.11,5.09
2015-05-28,32.29,32.96,30.96,30.94,548264.12,-1.5,-4.62,32.4,30.305,28.881,607523.09,495846.31,423604.43,2.88
2015-05-27,33.13,33.13,32.46,32.01,457220.34,-0.81,-2.44,32.04,30.002,28.703,564545.39,468737.81,411243.15,2.4
2015-05-26,33.01,33.49,33.27,32.21,506412.88,0.04,0.12,31.258,29.578,28.45,576310.59,467005.93,408469.53,2.66
2015-05-25,32.42,34.47,33.23,31.66,768958.12,1.15,3.58,30.306,29.031,28.205,569151.9,457297.59,403855.33,4.04
2015-05-22,30.16,32.08,32.08,29.35,756760.0,2.92,10.01,29.198,28.463,27.949,477846.53,416770.06,383712.76,3.97
2015-05-21,28.55,29.31,29.16,28.55,333375.59,0.61,2.14,28.21,27.92,27.752,384169.52,370895.96,368440.88,1.75
2015-05-20,28.7,29.55,28.55,28.32,516046.38,0.04,0.14,27.964,27.644,27.723,372930.24,371692.28,381125.0,2.71
2015-05-19,28.08,28.65,28.51,27.91,470619.41,0.82,2.96,27.898,27.569,27.73,357701.28,364109.08,380883.27,2.47
2015-05-18,27.19,28.25,27.69,27.15,312431.25,0.55,2.03,27.756,27.455,27.688,345443.29,356277.81,415394.15,1.64
2015-05-15,27.87,27.87,27.14,26.9,288374.97,-0.79,-2.83,27.728,27.42,27.667,355693.59,348771.83,402272.24,1.51
2015-05-14,28.28,28.46,27.93,27.85,277179.19,-0.29,-1.03,27.63,27.457,27.55,357622.39,351362.55,401729.85,1.45
2015-05-13,27.82,28.35,28.22,27.41,439901.56,0.42,1.51,27.324,27.404,27.391,370454.32,353748.49,405559.69,2.31
2015-05-12,27.61,28.18,27.8,27.48,409329.47,0.25,0.91,27.24,27.322,27.246,370516.88,349933.12,407561.97,2.15
2015-05-11,26.8,27.68,27.55,26.55,363682.75,0.9,3.38,27.154,27.378,27.096,367112.34,350413.06,407827.71,1.91
2015-05-08,26.6,26.9,26.65,26.25,298019.0,0.25,0.95,27.112,27.435,26.97,341850.08,350655.46,408699.77,1.56
2015-05-07,27.98,28.18,26.4,26.36,341338.81,-1.4,-5.04,27.284,27.583,26.868,345102.7,365985.8,410419.17,1.79
2015-05-06,27.7,28.22,27.8,27.51,440214.38,0.43,1.57,27.484,27.801,26.754,337042.66,390557.71,406397.37,2.31
2015-05-05,27.32,28.27,27.37,27.24,392306.75,0.03,0.11,27.404,27.891,26.586,329349.35,397657.47,401648.11,2.06
2015-05-04,27.6,27.78,27.34,27.0,237371.44,-0.17,-0.62,27.602,27.921,26.422,333713.79,474510.48,405056.29,1.25
2015-04-30,27.81,28.27,27.51,27.5,314282.12,0.11,0.4,27.758,27.914,26.241,359460.84,455772.64,408897.01,1.65
2015-04-29,27.27,28.09,27.4,27.27,301038.59,0.0,0.0,27.882,27.642,26.021,386868.9,452097.15,401990.85,1.58
2015-04-28,28.2,28.48,27.4,27.28,401747.84,-0.96,-3.38,28.118,27.377,25.797,444072.77,457370.89,399709.23,2.11
2015-04-27,28.31,28.79,28.36,27.92,414128.94,0.24,0.85,28.378,27.17,25.591,465965.59,465190.83,391935.58,2.17
2015-04-24,27.81,28.66,28.12,27.7,366106.69,-0.01,-0.04,28.24,26.813,25.342,615307.18,465242.35,384030.16,1.92
2015-04-23,28.68,28.78,28.13,28.0,451322.44,-0.45,-1.57,28.07,26.504,25.087,552084.45,466744.08,377171.23,2.37
2015-04-22,28.88,29.18,28.58,28.15,587057.94,-0.12,-0.42,27.402,26.152,24.829,517325.4,454852.54,367371.24,3.08
2015-04-21,27.82,29.0,28.7,27.76,511211.94,1.03,3.72,26.636,25.707,24.576,470669.01,422237.02,364595.27,2.68
2015-04-20,28.5,29.46,27.67,27.58,1160836.88,0.4,1.47,25.962,25.281,24.324,464416.06,405638.76,365085.81,6.09
2015-04-17,27.27,27.27,27.27,27.27,49993.06,2.48,10.0,25.386,24.923,24.092,315177.52,335602.1,330204.84,0.26
2015-03-27,24.76,25.06,24.79,24.5,277527.19,0.04,0.16,24.938,24.567,23.871,381403.71,362021.38,340715.76,1.46
2015-03-26,25.16,25.18,24.75,24.7,353776.0,-0.58,-2.29,24.902,24.399,23.764,392379.68,351884.55,336325.08,1.86
2015-03-25,24.99,25.35,25.33,24.45,479947.19,0.54,2.18,24.778,24.216,23.66,373805.02,342047.56,326701.53,2.52
2015-03-24,25.08,25.1,24.79,24.18,414644.16,-0.24,-0.96,24.6,24.012,23.521,346861.45,318680.33,312160.82,2.18
2015-03-23,24.85,25.13,25.03,24.49,381124.0,0.42,1.71,24.46,23.87,23.428,356026.67,302817.96,305425.99,2.0
2015-03-20,24.1,24.75,24.61,24.07,332407.06,0.48,1.99,24.196,23.67,23.301,342639.06,287598.38,296285.75,1.74
2015-03-19,24.4,24.4,24.13,23.95,260902.69,-0.31,-1.27,23.896,23.506,23.188,311389.43,279889.94,295551.81,1.37
2015-03-18,24.09,24.64,24.44,23.8,345229.34,0.35,1.45,23.654,23.444,23.075,310290.11,306953.51,289215.54,1.81
2015-03-17,23.93,24.67,24.09,23.85,460470.28,0.38,1.6,23.424,23.367,22.947,290499.2,324532.86,280036.21,2.42
2015-03-16,23.35,23.85,23.71,23.15,314185.94,0.6,2.6,23.28,23.26,22.824,249609.25,324807.58,264407.07,1.65
2015-03-13,22.94,23.23,23.11,22.82,176158.88,0.19,0.83,23.144,23.174,22.706,232557.69,319410.14,255932.57,0.92
2015-03-12,23.53,23.53,22.92,22.78,255406.09,-0.37,-1.59,23.116,23.128,22.628,248390.45,320765.61,255582.61,1.34
2015-03-11,23.35,23.85,23.29,23.18,246274.83,-0.08,-0.34,23.234,23.104,22.578,303616.92,311355.51,257160.95,1.29
2015-03-10,22.98,23.52,23.37,22.63,256020.53,0.34,1.48,23.31,23.03,22.538,358566.52,305641.31,255543.93,1.34
2015-03-09,23.0,23.14,23.03,22.5,228928.14,0.06,0.26,23.24,22.985,22.515,400005.91,308034.02,254226.58,1.2
2015-03-06,23.7,23.7,22.97,22.9,255322.66,-0.54,-2.3,23.204,22.932,22.497,406262.59,304973.13,253328.19,1.34
2015-03-05,23.67,24.3,23.51,23.19,531538.44,-0.16,-0.68,23.14,22.87,22.467,393140.77,311213.69,249933.6,2.79
2015-03-04,23.18,23.7,23.67,22.87,521022.84,0.65,2.82,22.974,22.705,22.423,319094.09,271477.58,235072.86,2.73
2015-03-03,22.77,23.68,23.02,22.61,463217.47,0.17,0.74,22.75,22.526,22.39,252716.1,235539.55,230263.01,2.43
2015-03-02,22.75,22.98,22.85,22.5,260211.55,0.2,0.88,22.73,22.388,22.384,216062.14,204006.55,226036.87,1.37
2015-02-27,22.73,22.79,22.65,22.49,189713.53,-0.03,-0.13,22.66,22.237,22.397,203683.66,192454.99,236076.75,1.0
2015-02-26,22.5,22.75,22.68,22.43,161305.06,0.13,0.58,22.6,22.127,22.374,229286.61,190399.62,242348.13,0.85
2015-02-25,22.9,22.9,22.55,22.43,189132.88,-0.37,-1.61,22.436,22.052,22.364,223861.06,202966.39,250111.46,0.99
2015-02-17,22.56,23.08,22.92,22.45,279947.66,0.42,1.87,22.302,22.046,22.351,218363.0,205446.55,260575.63,1.47
2015-02-16,22.4,22.62,22.5,22.24,198319.19,0.15,0.67,22.046,22.045,22.28,191950.96,200419.14,260301.04,1.04
2015-02-13,21.98,22.75,22.35,21.9,317728.28,0.49,2.24,21.814,22.062,22.21,181226.31,201683.25,270870.19,1.67
2015-02-12,21.77,21.99,21.86,21.56,134177.3,-0.02,-0.09,21.654,22.064,22.214,151512.63,188653.52,268850.85,0.7
2015-02-11,21.7,22.13,21.88,21.6,161642.56,0.24,1.11,21.668,22.14,22.218,182071.72,198668.15,273041.54,0.85
2015-02-10,21.35,21.66,21.64,21.28,147887.48,0.3,1.41,21.79,22.254,22.21,192530.1,224986.48,279907.3,0.78
2015-02-09,21.52,21.68,21.34,21.21,144695.94,-0.21,-0.97,22.044,22.379,22.24,208887.33,248067.2,284518.08,0.76
2015-02-06,21.8,22.12,21.55,21.5,169159.86,-0.38,-1.73,22.31,22.556,22.273,222140.18,279698.51,292693.49,0.89
2015-02-05,22.69,22.75,21.93,21.9,286972.78,-0.56,-2.49,22.474,22.62,22.299,225794.41,294296.64,304244.59,1.51
2015-02-04,22.91,22.93,22.49,22.43,213934.44,-0.42,-1.83,22.612,22.675,22.321,215264.57,297256.52,313629.93,1.12
2015-02-03,22.68,23.14,22.91,22.55,229673.61,0.24,1.06,22.718,22.655,22.3,257442.85,315704.7,322143.87,1.21
2015-02-02,22.21,22.86,22.67,22.1,210960.2,0.3,1.34,22.714,22.515,22.28,287247.07,320182.94,343880.77,1.11
2015-01-30,22.63,22.92,22.37,22.26,187431.02,-0.25,-1.1,22.802,22.358,22.228,337256.84,340057.14,357714.06,0.98
2015-01-29,22.85,23.07,22.62,22.55,234323.56,-0.4,-1.74,22.766,22.364,22.165,362798.86,349048.18,363398.38,1.23
2015-01-28,23.12,23.74,23.02,22.91,424825.88,0.13,0.57,22.738,22.295,22.074,379248.47,347414.93,365081.45,2.23
2015-01-27,23.3,23.35,22.89,22.56,378694.69,-0.22,-0.95,22.592,22.166,21.957,373966.55,334828.13,357125.9,1.99
2015-01-26,22.18,23.14,23.11,22.06,461009.06,0.92,4.15,22.316,22.1,21.863,353118.82,320968.95,351314.6,2.42
2015-01-23,22.48,22.62,22.19,21.95,315141.12,-0.29,-1.29,21.914,21.99,21.743,342857.44,305688.47,338528.23,1.65
2015-01-22,22.31,22.68,22.48,22.02,316571.59,0.19,0.85,21.962,21.977,21.663,335297.5,314192.53,331731.3,1.66
2015-01-21,21.63,22.53,22.29,21.48,398416.31,0.78,3.63,21.852,21.966,21.571,315581.39,330003.34,329530.91,2.09
2015-01-20,21.46,21.64,21.51,21.18,274456.0,0.41,1.94,21.74,21.945,21.479,295689.71,328583.04,323540.69,1.44
2015-01-19,21.88,22.5,21.1,20.8,409702.16,-1.33,-5.93,21.884,22.045,21.453,288819.09,367578.59,324209.73,2.15
2015-01-16,21.96,22.5,22.43,21.73,277341.44,0.5,2.28,22.066,22.098,21.456,268519.5,375370.98,321745.91,1.46
2015-01-15,21.75,21.95,21.93,21.58,217991.05,0.2,0.92,21.992,21.965,21.411,293087.57,377748.57,324626.7,1.14
2015-01-14,22.14,22.68,21.73,21.6,298957.88,-0.5,-2.25,22.08,21.853,21.419,344425.28,382747.98,328566.6,1.57
2015-01-13,21.88,22.48,22.23,21.82,240102.94,0.22,1.0,22.15,21.747,21.454,361476.38,379423.66,333994.46,1.26
2015-01-12,22.09,22.4,22.01,21.61,308204.19,-0.05,-0.23,22.206,21.626,21.448,446338.09,381660.25,336019.54,1.62
2015-01-09,22.3,22.8,22.06,21.98,400181.78,-0.31,-1.39,22.13,21.495,21.431,482222.45,371368.0,336016.07,2.1
2015-01-08,22.32,22.95,22.37,22.2,474679.62,0.29,1.31,21.938,21.349,21.424,462409.58,349270.06,333596.41,2.49
2015-01-07,22.51,22.51,22.08,21.95,384213.38,-0.43,-1.91,21.626,21.176,21.363,421070.67,329058.49,344059.63,2.02
2015-01-06,21.41,22.69,22.51,21.35,664411.5,0.88,4.07,21.344,21.013,21.363,397370.94,318498.33,349763.22,3.49
2015-01-05,21.05,21.78,21.63,20.82,487625.97,0.53,2.51,21.046,20.861,21.339,316982.41,280840.87,351085.42,2.56
2014-12-31,20.93,21.17,21.1,20.69,301117.41,0.29,1.39,20.86,20.814,21.329,260513.55,268120.85,350703.11,1.58
2014-12-30,20.81,21.21,20.81,20.68,267985.09,0.14,0.68,20.76,20.856,21.331,236130.54,271504.83,361552.27,1.41
2014-12-29,21.08,21.25,20.67,20.56,265714.75,-0.35,-1.67,20.726,20.984,21.327,237046.31,274385.23,364525.23,1.4
2014-12-26,20.68,21.14,21.02,20.55,262468.84,0.32,1.55,20.682,21.16,21.328,239625.72,288565.26,369927.98,1.38
2014-12-25,20.62,20.78,20.7,20.47,205281.64,0.1,0.48,20.676,21.27,21.293,244699.33,290378.82,378568.99,1.08
2014-12-24,20.77,20.79,20.6,20.46,179202.36,-0.04,-0.19,20.768,21.367,21.287,275728.15,300664.15,391467.99,0.94
2014-12-23,20.53,21.12,20.64,20.4,272563.97,0.19,0.93,20.952,21.498,21.306,306879.13,317922.77,401977.44,1.43
2014-12-22,20.95,20.95,20.45,20.36,278611.81,-0.54,-2.57,21.242,21.549,21.321,311724.16,359060.77,409297.87,1.46
2014-12-19,21.16,21.3,20.99,20.5,287836.88,-0.17,-0.8,21.638,21.712,21.346,337504.79,381028.1,414547.1,1.51
2014-12-18,21.52,21.65,21.16,21.0,360425.72,-0.36,-1.67,21.864,21.816,21.332,336058.31,421329.97,422118.2,1.89
2014-12-17,22.01,22.01,21.52,21.3,334957.28,-0.57,-2.58,21.966,21.843,21.327,325600.15,433285.37,452689.7,1.76
2014-12-16,22.35,22.55,22.09,21.84,296789.09,-0.34,-1.52,22.044,21.805,21.24,328966.41,451599.71,457835.34,1.56
2014-12-15,22.06,22.76,22.43,21.94,407515.0,0.31,1.4,21.856,21.669,21.106,406397.39,454665.22,464827.19,2.14
2014-12-12,21.62,22.14,22.12,21.55,280604.44,0.45,2.08,21.786,21.495,20.952,424551.41,451290.71,463103.55,1.47
2014-12-11,21.91,22.41,21.67,21.5,308134.94,-0.24,-1.09,21.768,21.315,20.796,506601.63,466759.16,458840.63,1.62
2014-12-10,21.2,22.14,21.91,21.05,351788.56,0.76,3.59,21.72,21.206,20.667,540970.58,482271.83,451436.03,1.85
2014-12-09,21.73,22.65,21.15,21.11,683944.0,-0.93,-4.21,21.566,21.114,20.512,574233.02,486032.12,449805.0,3.59
2014-12-08,22.0,22.4,22.08,21.6,498285.09,0.05,0.23,21.482,21.093,20.407,502933.06,459534.97,427292.26,2.62
2014-12-05,21.71,22.97,22.03,21.3,690855.56,0.6,2.8,21.204,20.979,20.245,478030.01,448066.11,412925.11,3.63
2014-12-04,21.17,21.58,21.43,21.17,479979.69,0.29,1.37,20.862,20.848,20.098,426916.69,422906.42,386799.16,2.52
2014-12-03,20.72,21.42,21.14,20.57,518100.75,0.41,1.98,20.692,20.811,19.971,423573.08,472094.04,372764.67,2.72
2014-12-02,20.6,20.84,20.73,20.51,327444.22,0.04,0.19,20.662,20.675,19.867,397831.22,464070.98,359818.22,1.72
2014-12-01,20.36,20.9,20.69,20.13,373769.84,0.37,1.82,20.704,20.542,19.804,416136.88,474989.15,362134.95,1.96
2014-11-28,20.38,20.85,20.32,20.2,435288.97,-0.26,-1.26,20.754,20.408,19.74,418102.21,474916.4,353894.85,2.29
2014-11-26,21.0,21.05,20.58,20.35,463261.62,-0.41,-1.95,20.834,20.276,19.692,418896.16,450922.1,344511.66,2.43
2014-11-25,21.05,21.49,20.99,20.8,389391.47,0.05,0.24,20.93,20.128,19.625,520615.01,420600.24,333107.14,2.04
2014-11-24,21.1,21.24,20.94,20.72,418972.5,0.0,0.0,20.688,19.91,19.53,530310.73,413577.87,323539.24,2.2
2014-11-21,20.6,21.2,20.94,20.5,383596.47,0.22,1.06,20.38,19.721,19.431,533841.42,395049.55,312041.91,2.01
2014-11-20,20.67,21.16,20.72,20.62,439258.72,-0.34,-1.61,20.062,19.51,19.328,531730.59,377784.11,300217.98,2.31
2014-11-19,19.9,21.5,21.06,19.63,971855.88,1.28,6.47,19.718,19.348,19.241,482948.05,350691.9,289765.59,5.1
2014-11-18,19.4,19.8,19.78,19.24,437870.09,0.38,1.96,19.326,19.13,19.154,320585.46,273435.3,253676.0,2.3
2014-11-17,20.1,20.1,19.4,19.36,436625.94,0.05,0.26,19.132,19.058,19.151,296845.01,255565.46,246589.3,2.29
2014-11-14,19.01,19.42,19.35,18.92,373042.31,0.35,1.84,19.062,19.066,19.175,256257.67,249280.76,240137.05,1.96
2014-11-13,19.1,19.18,19.0,18.84,195346.05,-0.1,-0.52,18.958,19.071,19.188,223837.62,232873.31,236056.65,1.03
2014-11-12,18.89,19.11,19.1,18.8,160042.92,0.29,1.54,18.978,19.108,19.221,218435.74,238101.22,254985.78,0.84
2014-11-11,19.08,19.28,18.81,18.67,319167.81,-0.24,-1.26,18.934,19.121,19.246,226285.13,245614.04,267521.21,1.68
2014-11-10,18.94,19.08,19.05,18.88,233689.28,0.22,1.17,18.984,19.15,19.267,214285.92,233500.6,265764.72,1.23
2014-11-07,19.08,19.1,18.83,18.79,210942.05,-0.27,-1.41,19.07,19.141,19.296,242303.84,229034.27,268588.05,1.11
2014-11-06,18.96,19.22,19.1,18.92,168336.66,0.22,1.17,19.184,19.145,19.329,241909.0,222651.85,278162.22,0.88
2014-11-05,19.02,19.09,18.88,18.82,199289.84,-0.18,-0.94,19.238,19.134,19.348,257766.69,228839.27,290034.19,1.05
2014-11-04,19.41,19.41,19.06,19.04,259171.75,-0.42,-2.16,19.308,19.177,19.385,264942.95,233916.7,308224.42,1.36
2014-11-03,19.56,19.75,19.48,19.3,373778.91,0.08,0.41,19.316,19.243,19.384,252715.29,237613.15,308455.99,1.96
2014-10-31,19.49,19.6,19.4,19.13,208967.83,0.03,0.15,19.212,19.284,19.367,215764.69,230993.34,306477.11,1.1
2014-10-30,19.29,19.55,19.37,19.21,247625.12,0.14,0.73,19.106,19.305,19.332,203394.69,239239.99,303857.26,1.3
2014-10-29,19.28,19.35,19.23,19.13,235171.16,0.13,0.68,19.03,19.333,19.303,199911.85,271870.33,304144.31,1.23
2014-10-28,18.95,19.1,19.1,18.89,198033.41,0.14,0.74,19.046,19.37,19.288,202890.44,289428.39,304652.97,1.04
2014-10-27,18.78,19.03,18.96,18.5,189025.95,0.09,0.48,19.17,19.384,19.267,222511.0,298028.84,301615.22,0.99
2014-10-24,19.06,19.15,18.87,18.75,147117.83,-0.12,-0.63,19.356,19.45,19.248,246221.98,308141.83,300431.65,0.77
2014-10-23,19.3,19.37,18.99,18.89,230210.91,-0.32,-1.66,19.504,19.512,19.251,275085.28,333672.59,303289.77,1.21
2014-10-22,19.79,19.82,19.31,19.25,250064.11,-0.41,-2.08,19.636,19.562,19.24,343828.81,351229.11,300435.05,1.31
2014-10-21,19.89,20.09,19.72,19.7,296136.22,-0.17,-0.85,19.694,19.592,19.207,375966.34,382532.15,297622.04,1.56
2014-10-20,19.65,20.1,19.89,19.62,307580.84,0.28,1.43,19.598,19.524,19.153,373546.67,379298.83,299127.49,1.62
2014-10-17,19.59,19.74,19.61,19.15,291434.34,-0.04,-0.2,19.544,19.449,19.121,370061.68,381960.89,297092.53,1.53
2014-10-16,19.45,20.16,19.65,19.35,573928.56,0.05,0.26,19.52,19.358,19.103,392259.89,368474.53,292832.08,3.01
2014-10-15,19.24,19.84,19.6,19.14,410751.72,0.36,1.87,19.488,19.273,19.08,358629.4,336418.29,282660.95,2.16
2014-10-14,19.67,19.67,19.24,19.14,284037.88,-0.38,-1.94,19.49,19.205,19.077,389097.96,319877.56,279233.96,1.49
2014-10-13,19.47,19.65,19.62,19.33,290155.91,0.13,0.67,19.45,19.149,19.088,385050.99,305201.61,281866.75,1.52
2014-10-10,19.42,19.89,19.49,19.35,402425.38,0.0,0.0,19.354,19.046,19.068,393860.1,292721.47,282146.62,2.11
2014-10-09,19.67,19.73,19.49,19.35,405776.12,-0.12,-0.61,19.196,18.99,19.058,344689.17,272906.95,285492.36,2.13
2014-10-08,19.16,19.65,19.61,19.0,563094.5,0.57,2.99,19.058,18.918,19.03,314207.17,249641.0,278861.58,2.96
2014-09-30,19.25,19.31,19.04,18.96,263803.03,-0.1,-0.52,18.92,18.822,18.992,250657.16,212711.93,264430.57,1.39
2014-09-29,18.84,19.15,19.14,18.79,334201.47,0.44,2.35,18.848,18.781,18.979,225352.24,218956.16,263182.8,1.75
2014-09-26,18.7,18.82,18.7,18.68,156570.72,-0.1,-0.53,18.738,18.792,18.944,191582.85,212224.17,253814.07,0.82
2014-09-25,18.96,19.05,18.8,18.72,253366.12,-0.12,-0.63,18.784,18.847,18.925,201124.73,217189.64,257727.36,1.33
2014-09-24,18.68,18.96,18.92,18.58,245344.45,0.24,1.28,18.778,18.887,18.912,185074.83,228903.62,260228.58,1.29
2014-09-23,18.52,18.75,18.68,18.51,137278.42,0.09,0.48,18.724,18.949,18.905,174766.69,238590.35,260903.25,0.72
2014-09-22,18.9,18.91,18.59,18.56,165354.52,-0.34,-1.8,18.714,19.027,18.927,212560.09,258531.89,280927.06,0.87
2014-09-19,18.82,19.08,18.93,18.68,204280.14,0.16,0.85,18.846,19.089,18.942,232865.49,271571.77,294365.08,1.07
2014-09-18,18.64,18.95,18.77,18.56,173116.62,0.12,0.64,18.91,19.125,18.926,233254.54,298077.77,293734.11,0.91
2014-09-17,18.61,18.73,18.65,18.5,193803.77,0.02,0.11,18.996,19.142,18.92,272732.4,308082.15,303023.1,1.02
2014-09-16,19.28,19.31,18.63,18.6,326245.38,-0.62,-3.22,19.174,19.162,18.907,302414.01,316149.21,307302.39,1.71
2014-09-15,19.24,19.34,19.25,19.05,266881.53,0.0,0.0,19.34,19.177,18.916,304503.69,307409.44,303938.31,1.4
2014-09-12,19.18,19.35,19.25,19.11,206225.42,0.05,0.26,19.332,19.096,18.882,310278.06,295403.98,299907.36,1.08
2014-09-11,19.5,19.65,19.2,19.16,370505.91,-0.34,-1.74,19.34,19.002,18.844,362901.0,298265.08,302317.75,1.95
2014-09-10,19.38,19.71,19.54,19.23,342211.81,0.08,0.41,19.288,18.936,18.826,343431.91,291553.55,291999.46,1.8
2014-09-09,19.23,19.55,19.46,19.05,336693.78,0.25,1.3,19.15,18.861,18.794,329884.41,283216.15,283680.45,1.77
2014-09-05,19.31,19.38,19.21,19.1,295753.38,-0.08,-0.41,19.014,18.827,18.769,310315.19,303322.24,281508.61,1.55
2014-09-04,18.94,19.3,19.29,18.77,469340.12,0.35,1.85,18.86,18.795,18.743,280529.9,317158.39,272979.36,2.46
2014-09-03,18.85,19.04,18.94,18.76,273160.44,0.09,0.48,18.664,18.726,18.711,233629.15,289390.45,258824.98,1.43
2014-09-02,18.78,18.86,18.85,18.7,274474.31,0.07,0.37,18.584,18.698,18.703,239675.19,297964.04,261026.54,1.44
2014-09-01,18.47,18.79,18.78,18.43,238847.69,0.34,1.84,18.572,18.652,18.712,236547.9,298455.58,265046.16,1.25
2014-08-29,18.39,18.48,18.44,18.28,146826.94,0.13,0.71,18.64,18.655,18.719,296329.28,300467.17,264825.12,0.77
2014-08-28,18.6,18.67,18.31,18.23,234836.39,-0.23,-1.24,18.73,18.667,18.744,353786.88,304410.73,278474.95,1.23
2014-08-27,18.75,18.91,18.54,18.45,303390.62,-0.25,-1.33,18.788,18.686,18.765,345151.75,306370.43,279253.2,1.59
2014-08-26,19.1,19.12,18.79,18.72,258837.84,-0.33,-1.73,18.812,18.716,18.778,356252.88,292445.36,273150.08,1.36
2014-08-25,19.02,19.24,19.12,18.86,537754.62,0.23,1.22,18.732,18.727,18.786,360363.27,284144.75,274630.35,2.82
2014-08-22,18.6,18.9,18.89,18.49,434114.91,0.29,1.56,18.67,18.711,18.775,304605.07,259694.99,262919.53,2.28
2014-08-21,18.67,18.72,18.6,18.41,191660.77,-0.06,-0.32,18.604,18.69,18.766,255034.59,228800.32,254568.3,1.01
2014-08-20,18.5,18.75,18.66,18.37,358896.28,0.27,1.47,18.584,18.696,18.746,267589.11,228259.5,251973.39,1.88
2014-08-19,18.65,18.65,18.39,18.32,279389.75,-0.15,-0.81,18.62,18.707,18.716,228637.84,224089.04,245005.26,1.47
2014-08-18,18.61,18.83,18.81,18.55,258963.62,0.25,1.35,18.722,18.771,18.724,207926.24,231636.73,238013.85,1.36
2014-08-15,18.5,18.67,18.56,18.48,186262.52,0.06,0.32,18.752,18.783,18.702,214784.9,229183.06,229563.65,0.98
2014-08-14,18.84,18.84,18.5,18.42,254433.39,-0.34,-1.8,18.776,18.821,18.695,202566.06,252539.16,225181.97,1.34
2014-08-13,18.89,18.93,18.84,18.69,164139.94,-0.06,-0.32,18.808,18.844,18.679,188929.89,252135.97,216178.05,0.86
2014-08-12,18.97,18.98,18.9,18.82,175831.73,-0.06,-0.32,18.794,18.84,18.654,219540.24,253854.8,214158.04,0.92
2014-08-11,18.75,19.04,18.96,18.67,293256.94,0.28,1.5,18.82,18.844,18.642,255347.22,265115.94,215059.11,1.54
2014-08-08,18.68,18.74,18.68,18.59,125168.3,0.02,0.11,18.814,18.838,18.617,243581.21,266144.07,208723.09,0.66
2014-08-07,18.77,18.79,18.66,18.6,186252.55,-0.11,-0.59,18.866,18.842,18.594,302512.26,280336.27,213599.15,0.98
2014-08-06,18.97,18.97,18.77,18.63,317191.66,-0.26,-1.37,18.88,18.795,18.578,315342.05,275687.27,216232.23,1.67
2014-08-05,19.06,19.25,19.03,18.86,354866.66,0.1,0.53,18.886,18.725,18.583,288169.36,265921.47,208105.16,1.86
2014-08-04,18.93,18.98,18.93,18.71,234426.88,-0.01,-0.05,18.868,18.677,18.578,274884.66,244390.97,196293.36,1.23
2014-08-01,18.68,19.13,18.94,18.57,419823.56,0.21,1.12,18.862,18.621,18.572,288706.93,229944.25,194586.32,2.2
2014-07-31,18.81,18.93,18.73,18.58,250401.48,-0.07,-0.37,18.818,18.568,18.578,258160.27,197824.78,181455.13,1.31
2014-07-30,18.95,18.97,18.8,18.72,181328.22,-0.14,-0.74,18.71,18.514,18.6,236032.49,180220.13,180101.06,0.95
2014-07-29,19.09,19.28,18.94,18.75,288443.16,0.04,0.21,18.564,18.467,18.616,243673.59,174461.28,190227.8,1.51
2014-07-28,18.85,19.1,18.9,18.66,303538.22,0.18,0.96,18.486,18.44,18.657,213897.28,165002.28,188891.2,1.59
2014-07-25,18.28,18.73,18.72,18.22,267090.28,0.53,2.91,18.38,18.396,18.721,171181.56,151302.12,181113.01,1.4
2014-07-24,18.15,18.3,18.19,18.01,139762.59,0.12,0.66,18.318,18.345,18.782,137489.29,146862.04,179055.99,0.73
2014-07-23,18.57,18.57,18.07,18.02,219533.69,-0.48,-2.59,18.318,18.361,18.844,124407.77,156777.19,176347.85,1.15
2014-07-22,18.34,18.63,18.55,18.26,139561.62,0.18,0.98,18.37,18.441,18.906,105248.97,150288.84,167973.32,0.73
2014-07-21,18.49,18.64,18.37,18.3,89959.64,-0.04,-0.22,18.394,18.479,18.958,116107.28,148195.74,168674.67,0.47
2014-07-18,18.13,18.48,18.41,18.05,98628.93,0.22,1.21,18.412,18.523,18.997,131422.67,159228.39,169745.66,0.52
2014-07-17,18.34,18.42,18.19,18.1,74354.96,-0.14,-0.76,18.372,18.588,19.038,156234.78,165085.47,169871.86,0.39
2014-07-16,18.69,18.69,18.33,18.3,123739.7,-0.34,-1.82,18.404,18.685,19.081,189146.61,179982.0,174181.13,0.65
2014-07-15,18.58,18.77,18.67,18.43,193853.16,0.21,1.14,18.512,18.765,19.141,195328.71,205994.31,173827.74,1.02
2014-07-14,18.21,18.47,18.46,18.05,166536.61,0.25,1.37,18.564,18.873,19.207,180284.2,212780.12,170373.62,0.87
2014-07-11,18.38,18.44,18.21,18.07,222689.48,-0.14,-0.76,18.634,19.046,19.305,187034.11,210923.91,168048.99,1.17
2014-07-10,18.87,18.95,18.35,18.24,238914.11,-0.52,-2.76,18.804,19.219,19.421,173936.17,211249.95,165093.12,1.25
2014-07-09,18.99,19.13,18.87,18.86,154650.2,-0.06,-0.32,18.966,19.327,19.529,170817.38,195918.52,160493.61,0.81
2014-07-08,18.81,18.97,18.93,18.72,118630.62,0.12,0.64,19.018,19.371,19.608,216659.91,185657.8,165164.68,0.62
2014-07-07,19.08,19.13,18.81,18.72,200286.12,-0.25,-1.31,19.182,19.436,19.658,245276.03,189153.61,166265.6,1.05
2014-07-04,19.17,19.18,19.06,18.95,157199.78,-0.1,-0.52,19.458,19.471,19.696,234813.7,180262.92,160678.71,0.83
2014-07-03,19.0,19.29,19.16,18.79,223320.19,0.03,0.16,19.634,19.487,19.724,248563.73,174658.24,156547.76,1.17
2014-07-02,19.57,19.69,19.13,18.99,383862.84,-0.62,-3.14,19.688,19.476,19.75,221019.66,168380.27,149251.78,2.02
2014-07-01,19.9,19.98,19.75,19.42,261711.23,-0.44,-2.18,19.724,19.517,19.765,154655.69,141661.18,135836.14,1.37
2014-06-30,20.0,20.3,20.19,19.87,147974.48,0.25,1.25,19.69,19.54,19.776,133031.18,127967.13,129379.71,0.78
2014-06-27,19.69,20.27,19.94,19.63,225949.92,0.51,2.62,19.484,19.563,19.756,125712.14,125174.08,127647.39,1.19
2014-06-26,19.35,19.66,19.43,19.33,85599.81,0.12,0.62,19.34,19.623,19.745,100752.74,118936.29,131428.73,0.45
2014-06-25,19.49,19.56,19.31,19.25,52043.03,-0.27,-1.38,19.264,19.73,19.747,115740.89,125068.7,134212.15,0.27
2014-06-24,19.13,19.6,19.58,19.01,153588.66,0.42,2.19,19.31,19.844,19.743,128666.66,144671.55,137812.92,0.81
2014-06-23,19.22,19.34,19.16,19.0,111379.3,-0.06,-0.31,19.39,19.879,19.744,122903.08,143377.59,139899.22,0.58
2014-06-20,19.01,19.29,19.22,18.85,101152.92,0.17,0.89,19.642,19.921,19.736,124636.01,141094.5,137932.77,0.53
2014-06-19,19.46,19.68,19.05,18.84,160540.52,-0.49,-2.51,19.906,19.961,19.716,137119.84,138437.28,139585.41,0.84
2014-06-18,19.99,20.13,19.54,19.48,116671.89,-0.44,-2.2,20.196,20.024,19.697,134396.51,130123.3,135407.48,0.61
2014-06-17,20.36,20.36,19.98,19.96,124770.75,-0.44,-2.15,20.378,20.012,19.643,160676.44,130011.11,133401.51,0.66
2014-06-16,20.5,20.67,20.42,20.34,120043.95,-0.12,-0.58,20.368,20.012,19.568,163852.1,130792.29,133301.94,0.63
2014-06-13,20.39,20.7,20.54,20.18,163572.08,0.04,0.2,20.2,19.949,19.498,157552.99,130120.71,132038.11,0.86
2014-06-12,20.38,20.52,20.5,20.12,146923.86,0.05,0.24,20.016,19.867,19.425,139754.72,143921.17,129801.26,0.77
2014-06-11,19.85,20.57,20.45,19.81,248071.56,0.52,2.61,19.852,19.764,19.355,125850.09,143355.6,128582.05,1.3
2014-06-10,19.59,20.05,19.93,19.51,140649.03,0.35,1.79,19.646,19.641,19.279,99345.78,130954.29,120700.13,0.74
2014-06-09,19.51,19.94,19.58,19.5,88548.44,-0.04,-0.2,19.656,19.609,19.231,97732.49,136420.86,120881.81,0.46
2014-06-06,19.68,19.93,19.62,19.45,74580.71,-0.06,-0.3,19.698,19.55,19.172,102688.43,134771.04,119933.93,0.39
2014-06-05,19.31,19.69,19.68,19.31,77400.72,0.26,1.34,19.718,19.471,19.127,148087.62,140733.54,121030.19,0.41
2014-06-04,19.95,19.95,19.42,19.25,115549.98,-0.56,-2.8,19.676,19.369,19.078,160861.1,140691.66,122080.17,0.61
2014-06-03,19.9,20.25,19.98,19.87,132582.62,0.19,0.96,19.636,19.273,19.072,162562.8,136791.91,121227.88,0.7
2014-05-30,19.61,19.88,19.79,19.56,113328.1,0.07,0.35,19.562,19.124,19.03,175109.23,135811.58,118361.52,0.6
2014-05-29,19.65,20.5,19.72,19.59,301576.69,0.25,1.28,19.402,19.046,18.986,166853.64,133955.52,116759.88,1.58
2014-05-28,19.18,19.53,19.47,19.0,141268.12,0.25,1.3,19.224,18.983,18.937,133379.46,115681.34,107426.62,0.74
2014-05-27,19.72,19.74,19.22,19.18,124058.47,-0.39,-1.99,19.062,18.946,18.881,120522.23,113808.5,109095.54,0.65
2014-05-26,19.11,19.8,19.61,19.1,195314.75,0.62,3.27,18.91,18.916,18.885,111021.02,110445.96,110134.58,1.03
2014-05-23,19.0,19.15,18.99,18.74,72050.19,0.16,0.85,18.686,18.852,18.888,96513.93,105342.77,107070.03,0.38
2014-05-22,18.65,19.2,18.83,18.56,134205.77,0.17,0.91,18.69,18.794,18.951,101057.39,105096.83,116446.27,0.7
2014-05-21,18.27,18.71,18.66,18.05,76981.95,0.2,1.08,18.742,18.782,18.993,97983.22,101326.85,115571.52,0.4
2014-05-20,18.58,18.85,18.46,18.39,76552.43,-0.03,-0.16,18.83,18.786,19.032,107094.78,103468.67,118180.37,0.4
2014-05-19,18.81,18.94,18.49,18.17,122779.31,-0.52,-2.73,18.922,18.871,19.092,109870.91,105663.86,119600.64,0.64
2014-05-16,19.1,19.42,19.01,18.81,94767.51,-0.08,-0.42,19.018,18.935,19.157,114171.6,100911.47,118965.38,0.5
2014-05-15,19.1,19.37,19.09,18.87,118834.9,-0.01,-0.05,18.898,18.926,19.182,109136.27,99564.24,121123.96,0.62
2014-05-14,18.9,19.38,19.1,18.75,122539.76,0.18,0.95,18.822,18.89,19.223,104670.47,99171.91,123868.58,0.64
2014-05-13,18.93,19.07,18.92,18.73,90433.07,-0.05,-0.26,18.742,18.815,19.265,99842.56,104382.58,125135.14,0.47
2014-05-12,18.55,18.99,18.97,18.33,144282.78,0.72,3.94,18.82,18.853,19.332,101456.81,109823.19,129881.93,0.76
2014-05-09,18.71,18.89,18.41,18.31,69590.85,-0.3,-1.6,18.852,18.924,19.416,87651.33,108797.29,136840.23,0.37
2014-05-08,18.68,19.06,18.71,18.5,96505.91,0.01,0.05,18.954,19.107,19.532,89992.2,127795.7,150723.89,0.51
2014-05-07,19.31,19.31,18.7,18.66,98400.19,-0.61,-3.16,18.958,19.203,19.589,93673.34,129816.2,161619.8,0.52
2014-05-06,19.13,19.5,19.31,19.04,98504.3,0.18,0.94,18.888,19.277,19.634,108922.61,132892.07,164048.11,0.52
2014-05-05,19.1,19.26,19.13,19.0,75255.38,0.21,1.11,18.886,19.313,19.629,118189.57,133537.41,169673.38,0.4
2014-04-30,18.75,19.19,18.92,18.62,81295.24,0.19,1.01,18.996,19.378,19.647,129943.25,137019.3,180576.26,0.43
2014-04-29,18.37,18.88,18.73,18.35,114911.59,0.38,2.07,19.26,19.438,19.725,165599.2,142683.68,185663.09,0.6
2014-04-28,19.18,19.22,18.35,18.2,174646.52,-0.95,-4.92,19.448,19.555,19.79,165959.06,148565.26,185870.35,0.92
2014-04-25,19.58,19.66,19.3,19.05,144839.14,-0.38,-1.93,19.666,19.714,19.867,156861.54,145887.71,190719.91,0.76
2014-04-24,20.16,20.23,19.68,19.54,134023.77,-0.56,-2.77,19.74,19.81,19.924,148885.25,149940.66,196117.04,0.7
2014-04-23,19.99,20.65,20.24,19.91,259574.97,0.57,2.9,19.76,19.908,20.012,144095.34,164883.17,200581.98,1.36
2014-04-22,19.42,19.73,19.67,19.3,116710.92,0.23,1.18,19.616,19.957,20.054,119768.16,173652.08,199192.92,0.61
2014-04-21,19.43,19.99,19.44,19.26,129158.89,-0.23,-1.17,19.662,19.975,20.124,131171.45,193423.4,203633.67,0.68
2014-04-18,19.73,19.78,19.67,19.33,104957.71,-0.11,-0.56,19.762,19.99,20.235,134913.87,195204.15,212201.85,0.55
2014-04-17,19.51,19.92,19.78,19.44,110074.21,0.26,1.33,19.88,19.945,20.327,150996.08,205809.35,220468.28,0.58
2014-04-16,19.82,19.92,19.52,19.25,137939.05,-0.38,-1.91,20.056,19.915,20.49,185670.99,224133.22,223743.18,0.72
2014-04-15,19.73,20.22,19.9,19.53,173727.38,-0.04,-0.2,20.298,20.012,20.692,227536.0,228642.49,230976.12,0.91
2014-04-14,20.2,20.24,19.94,19.86,147871.02,-0.32,-1.58,20.288,20.025,20.846,255675.35,223175.45,236606.25,0.78
2014-04-11,20.63,20.79,20.26,20.16,185368.73,-0.4,-1.94,20.218,20.019,20.92,255494.43,235552.11,236265.14,0.97
2014-04-10,20.65,20.93,20.66,20.1,283448.78,-0.07,-0.34,20.01,20.037,20.988,260622.63,242293.42,234101.12,1.49
2014-04-09,19.8,20.88,20.73,19.73,347264.09,0.88,4.43,19.774,20.115,21.051,262595.44,236280.79,234033.58,1.82
2014-04-08,19.1,19.97,19.85,18.77,314424.12,0.26,1.33,19.726,20.15,21.099,229748.99,224733.77,226521.05,1.65
2014-04-04,19.13,19.73,19.59,19.1,146966.45,0.37,1.93,19.762,20.273,21.187,190675.55,213843.95,222521.58,0.77
2014-04-03,19.48,19.65,19.22,19.1,211009.7,-0.26,-1.33,19.82,20.479,21.342,215609.79,229199.55,225507.1,1.11
2014-04-02,20.6,20.77,19.48,19.42,293312.84,-1.01,-4.93,20.064,20.709,21.538,223964.22,235127.22,227476.35,1.54
2014-04-01,20.04,20.7,20.49,19.93,183031.84,0.46,2.3,20.456,21.065,21.709,209966.14,223353.14,224416.58,0.96
2014-03-31,19.89,20.18,20.03,19.6,119056.91,0.15,0.76,20.574,21.371,21.856,219718.54,233309.74,230407.41,0.63
2014-03-28,20.38,20.67,19.88,19.3,271637.66,-0.56,-2.74,20.784,21.667,21.983,237012.35,250037.05,239639.44,1.43
2014-03-27,21.16,21.28,20.44,20.41,252781.83,-1.0,-4.66,21.138,21.821,22.077,242789.31,236978.17,246952.54,1.33
2014-03-26,21.5,22.16,21.44,21.4,223322.48,0.36,1.71,21.354,21.939,22.185,246290.22,225908.82,256728.73,1.17
2014-03-25,21.21,21.48,21.08,20.3,231793.83,0.0,0.0,21.674,21.987,22.295,236740.14,231786.38,270580.9,1.22
2014-03-24,21.49,22.0,21.08,20.85,205525.95,-0.57,-2.63,22.168,22.048,22.391,246900.94,228308.33,291802.16,1.08
2014-03-21,21.3,21.68,21.65,20.28,300522.44,0.13,0.6,22.55,22.1,22.52,263061.76,231199.21,317359.66,1.58
2014-03-20,22.98,23.09,21.52,21.45,270286.38,-1.52,-6.6,22.504,22.205,22.514,231167.03,221814.65,315233.96,1.42
2014-03-19,23.38,23.4,23.04,22.68,175572.09,-0.51,-2.17,22.524,22.366,22.535,205527.42,219825.49,319590.92,0.92
2014-03-18,22.93,23.68,23.55,22.74,282597.84,0.56,2.44,22.3,22.352,22.472,226832.62,225480.02,326591.94,1.48
2014-03-17,21.5,23.08,22.99,21.5,286330.03,1.57,7.33,21.928,22.341,22.386,209715.72,227505.09,343815.28,1.5
2014-03-14,21.31,21.88,21.42,20.99,141048.81,-0.2,-0.93,21.65,22.299,22.24,199336.67,229241.83,348234.39,0.74
2014-03-13,21.71,22.19,21.62,21.31,142088.34,-0.3,-1.37,21.906,22.332,22.128,212462.26,256926.9,361675.47,0.75
2014-03-12,21.9,23.08,21.92,21.61,282098.06,0.23,1.06,22.208,22.43,21.999,234123.56,287548.64,363724.75,1.48
2014-03-11,21.6,21.9,21.69,21.02,197013.34,0.09,0.42,22.404,22.603,21.847,224127.43,309375.43,362183.77,1.03
2014-03-10,22.35,22.35,21.6,21.57,234434.81,-1.1,-4.85,22.754,22.733,21.705,245294.46,355295.99,368661.84,1.23
2014-03-07,23.05,23.56,22.7,22.68,206676.75,-0.43,-1.86,22.948,22.94,21.514,259147.0,403520.11,368689.23,1.09
2014-03-06,22.62,23.67,23.13,22.36,250394.84,0.23,1.0,22.758,22.822,21.276,301391.55,408653.27,365266.59,1.31
2014-03-05,23.5,24.17,22.9,22.73,232117.42,-0.54,-2.3,22.652,22.704,21.043,340973.72,419356.35,362192.93,1.22
2014-03-04,22.68,23.5,23.44,22.25,302848.47,0.87,3.85,22.802,22.592,20.81,394623.43,427703.87,363079.9,1.59
2014-03-03,21.81,23.1,22.57,21.81,303697.5,0.82,3.77,22.712,22.43,20.524,465297.51,460125.46,355791.19,1.59
2014-02-28,22.4,22.7,21.75,20.6,417899.5,-0.85,-3.76,22.932,22.181,20.296,547893.23,467226.94,354897.2,2.19
2014-02-27,23.65,24.32,22.6,22.0,448305.69,-1.05,-4.44,22.886,21.923,20.092,515915.0,466424.04,343609.24,2.35
2014-02-26,23.05,24.21,23.65,21.65,500366.0,0.66,2.87,22.756,21.567,19.856,497738.98,439900.86,331426.9,2.63
2014-02-25,23.67,24.41,22.99,22.61,656218.88,-0.68,-2.87,22.382,21.091,19.553,460784.3,414992.1,313154.75,3.45
2014-02-24,21.12,23.67,23.67,21.02,716676.06,2.15,9.99,22.148,20.676,19.284,454953.41,382027.7,285515.9,3.76
2014-02-21,21.74,22.18,21.52,21.19,258008.38,-0.43,-1.96,21.43,20.087,18.984,386560.65,333858.35,260126.72,1.35
2014-02-20,21.75,22.48,21.95,21.4,357425.56,0.17,0.78,20.96,19.73,18.831,416933.08,321879.9,253629.27,1.88
2014-02-19,21.59,22.25,21.78,21.3,315592.62,-0.04,-0.18,20.378,19.381,18.67,382062.74,305029.51,248789.26,1.66
2014-02-18,20.76,22.0,21.82,20.58,627064.44,1.74,8.66,19.8,19.027,18.475,369199.9,298455.94,242944.69,3.29
2014-02-14,19.29,20.18,20.08,18.97,374712.25,0.91,4.75,19.204,18.617,18.24,309101.98,251456.93,228366.98,1.97
2014-02-13,18.9,19.9,19.17,18.88,409870.53,0.13,0.68,18.744,18.41,18.16,281156.04,242567.46,220978.4,2.15
2014-02-12,18.89,19.2,19.04,18.7,183073.86,0.15,0.79,18.5,18.261,18.121,226826.73,220794.44,210759.19,0.96
2014-02-11,18.83,19.36,18.89,18.61,251278.44,0.05,0.27,18.384,18.144,18.107,227996.27,222952.95,213742.11,1.32
2014-02-10,17.89,19.25,18.84,17.87,326574.84,1.06,5.96,18.254,18.015,18.059,227711.98,211317.39,209667.03,1.71
2014-02-07,17.8,17.86,17.78,17.29,234982.55,-0.17,-0.95,18.03,17.891,18.003,193811.87,189004.1,203799.55,1.23
2014-01-30,18.3,18.51,17.95,17.89,138223.94,-0.51,-2.76,18.076,17.88,18.049,203978.88,186395.09,200438.47,0.73
2014-01-29,18.32,18.5,18.46,18.09,188921.58,0.22,1.21,18.022,17.932,18.106,214762.16,185378.65,208447.28,0.99
2014-01-28,17.66,18.46,18.24,17.66,249857.0,0.52,2.94,17.904,17.958,18.163,217909.63,192549.02,208263.68,1.31
2014-01-27,17.8,17.95,17.72,17.46,157074.27,-0.29,-1.61,17.776,17.923,18.226,194922.8,187433.44,206831.29,0.82
2014-01-24,17.65,18.15,18.01,17.4,285817.62,0.33,1.87,17.752,17.862,18.332,184196.33,205277.04,211392.0,1.5
2014-01-23,17.81,17.82,17.68,17.4,192140.33,-0.19,-1.06,17.684,17.91,18.407,168811.3,199389.33,218892.16,1.01
2014-01-22,17.75,17.96,17.87,17.39,204658.94,0.27,1.53,17.842,17.981,18.476,155995.13,200723.93,220862.7,1.07
2014-01-21,17.6,18.01,17.6,17.36,134922.83,0.0,0.0,18.012,18.07,18.523,167188.4,204531.26,222806.22,0.71
2014-01-20,17.6,18.08,17.6,17.5,103441.95,-0.07,-0.4,18.07,18.103,18.592,179944.08,208016.66,231148.12,0.54
2014-01-17,18.5,18.5,17.67,17.57,208892.44,-0.8,-4.33,17.972,18.115,18.628,226357.74,218594.99,240997.65,1.1
2014-01-16,18.6,18.86,18.47,18.38,128059.5,-0.25,-1.33,18.136,18.217,18.694,229967.37,214481.86,244445.26,0.67
2014-01-15,17.7,18.75,18.72,17.62,260625.3,0.83,4.64,18.12,18.28,18.739,245452.72,231515.91,262593.93,1.37
2014-01-14,17.12,17.97,17.89,16.8,198701.19,0.78,4.56,18.128,18.367,18.718,241874.12,223978.34,262392.24,1.04
2014-01-13,18.21,18.5,17.11,17.01,335510.28,-1.38,-7.46,18.136,18.528,18.727,236089.25,226229.15,267252.36,1.76
2014-01-10,18.32,19.29,18.49,18.28,226940.58,0.1,0.54,18.258,18.801,18.771,210832.25,217506.95,264483.52,1.19
2014-01-09,18.7,18.98,18.39,18.33,205486.27,-0.37,-1.97,18.298,18.904,18.728,198996.35,238394.99,265942.57,1.08
2014-01-08,17.99,18.97,18.76,17.98,242732.28,0.83,4.63,18.44,18.971,18.667,217579.11,241001.47,263995.09,1.27
2014-01-07,17.79,18.46,17.93,17.71,169776.83,0.21,1.19,18.606,18.975,18.607,206082.56,241081.18,262046.69,0.89
2014-01-06,18.5,18.5,17.72,17.72,209225.27,-0.97,-5.19,18.92,19.081,18.608,216369.05,254279.57,264450.75,1.1
2014-01-03,18.9,18.96,18.69,18.6,167761.09,-0.41,-2.15,19.344,19.14,18.607,224181.66,263400.3,263406.65,0.88
2014-01-02,19.59,19.67,19.1,18.75,298400.06,-0.49,-2.5,19.51,19.17,18.58,277793.63,274408.66,266418.03,1.57
2013-12-31,19.28,20.01,19.59,19.23,185249.56,0.09,0.46,19.502,19.197,18.545,264423.84,293671.94,277094.11,0.97
2013-12-30,19.88,20.25,19.5,19.37,221209.28,-0.34,-1.71,19.344,19.069,18.435,276079.8,300806.13,280471.48,1.16
2013-12-27,19.52,19.86,19.84,19.25,248288.31,0.32,1.64,19.242,18.926,18.33,292190.1,308275.57,286885.22,1.3
2013-12-26,19.07,20.06,19.52,19.01,435820.94,0.46,2.41,18.936,18.74,18.207,302618.93,311460.08,284891.4,2.29
2013-12-25,18.75,19.4,19.06,18.57,231551.09,0.26,1.38,18.83,18.551,18.113,271023.68,293490.14,279815.18,1.22
2013-12-24,18.85,18.85,18.8,18.2,243529.36,-0.19,-1.0,18.892,18.362,18.029,322920.03,286988.71,288569.72,1.28
2013-12-23,18.34,19.06,18.99,18.1,301760.78,0.68,3.71,18.794,18.239,17.956,325532.47,283012.21,291195.56,1.58
2013-12-20,18.8,19.33,18.31,18.0,300432.5,-0.68,-3.58,18.61,18.134,17.868,324361.05,274621.93,301747.82,1.58
2013-12-19,19.23,19.35,18.99,18.73,277844.69,-0.38,-1.96,18.544,18.074,17.845,320301.23,263413.01,349020.13,1.46
2013-12-18,18.15,19.55,19.37,18.15,491032.84,1.06,5.79,18.272,17.989,17.826,315956.6,258427.41,347817.47,2.58
2013-12-17,18.03,18.65,18.31,17.8,256591.55,0.24,1.33,17.832,17.893,17.812,251057.38,260516.29,343633.69,1.35
2013-12-16,17.95,18.5,18.07,17.88,295903.66,0.09,0.5,17.684,17.801,17.822,240491.95,260136.84,349392.51,1.55
2013-12-13,17.35,18.29,17.98,17.28,280133.41,0.35,1.99,17.658,17.733,17.872,224882.82,265494.86,359045.02,1.47
2013-12-12,17.17,18.0,17.63,17.17,256121.55,0.46,2.68,17.604,17.674,17.891,206524.78,258322.72,372864.86,1.34
2013-12-11,17.45,17.45,17.17,16.91,166536.73,-0.4,-2.28,17.706,17.675,17.936,200898.21,266140.22,383324.76,0.87
2013-12-10,18.0,18.26,17.57,17.48,203764.38,-0.37,-2.06,17.954,17.696,17.95,269975.2,290150.73,398092.84,1.07
2013-12-09,17.66,18.13,17.94,17.32,217858.02,0.23,1.3,17.918,17.672,17.954,279781.72,299378.92,412511.13,1.14
2013-12-06,18.14,18.38,17.71,17.69,188343.23,-0.43,-2.37,17.808,17.602,17.904,306106.91,328873.7,423056.99,0.99
2013-12-05,18.2,18.4,18.14,18.04,227988.7,-0.27,-1.47,17.744,17.615,17.807,310120.67,434627.25,430412.49,1.2
2013-12-04,17.38,18.68,18.41,17.2,511921.69,1.02,5.87,17.644,17.663,17.723,331382.24,437207.52,434248.28,2.69
2013-12-03,17.52,17.59,17.39,16.78,252796.98,0.0,0.0,17.438,17.73,17.632,310326.25,426751.08,428918.03,1.33
2013-12-02,17.0,17.9,17.39,16.8,349483.94,0.0,0.0,17.426,17.842,17.636,318976.12,438648.19,433427.25,1.84
2013-11-29,17.55,17.6,17.39,17.28,208412.02,-0.25,-1.42,17.396,18.011,17.62,351640.5,452595.17,432222.67,1.09
2013-11-28,17.33,17.85,17.64,17.17,334296.56,0.26,1.5,17.486,18.107,17.612,559133.84,487407.0,436691.32,1.76
2013-11-27,17.13,17.48,17.38,16.69,406641.75,0.05,0.29,17.682,18.196,17.591,543032.81,500509.29,440663.36,2.14
2013-11-26,17.4,17.67,17.33,17.2,296046.31,0.09,0.52,18.022,18.203,17.641,543175.91,506034.96,442102.99,1.55
2013-11-25,17.3,17.91,17.24,17.0,512805.84,-0.6,-3.36,18.258,18.236,17.657,558320.26,525643.34,449790.18,2.69
2013-11-22,18.43,18.8,17.84,16.76,1245878.75,-0.78,-4.19,18.626,18.205,17.681,553549.84,517240.28,446289.31,6.54
2013-11-21,18.85,18.94,18.62,18.38,253791.39,-0.46,-2.41,18.728,17.999,17.671,415680.15,426197.74,399254.64,1.33
2013-11-20,18.71,19.13,19.08,18.2,407357.25,0.57,3.08,18.71,17.782,17.612,457985.77,431289.03,408346.1,2.14
2013-11-19,19.11,19.2,18.51,18.35,371768.09,-0.57,-2.99,18.384,17.533,17.514,468894.01,431084.97,408412.02,1.95
2013-11-18,18.6,19.54,19.08,18.6,488953.72,0.73,3.98,18.214,17.429,17.443,492966.41,428206.31,411029.44,2.57
2013-11-15,18.42,19.2,18.35,18.09,556530.31,-0.18,-0.97,17.784,17.228,17.317,480930.71,411850.16,405035.27,2.92
2013-11-14,17.52,18.69,18.53,17.36,465319.5,1.08,6.19,17.27,17.116,17.231,436715.32,385975.63,392410.68,2.44
2013-11-13,17.39,18.09,17.45,17.2,461898.41,-0.21,-1.19,16.854,16.986,17.113,404592.29,380817.44,385782.6,2.43
2013-11-12,16.85,17.83,17.66,16.59,492130.12,0.73,4.31,16.682,17.079,17.079,393275.94,378171.02,378171.02,2.58
2013-11-11,15.7,17.16,16.93,15.65,428775.22,1.15,7.29,16.644,17.014,17.014,363446.21,365508.9,365508.9,2.25
2013-11-08,16.31,16.56,15.78,15.71,335453.34,-0.67,-4.07,16.672,17.025,17.025,342769.62,357600.61,357600.61,1.76
2013-11-07,16.38,16.81,16.45,16.12,304704.34,-0.14,-0.84,16.962,17.203,17.203,335235.95,360764.51,360764.51,1.6
2013-11-06,17.35,17.45,16.59,16.57,405316.66,-0.88,-5.04,17.118,17.328,17.328,357042.59,370107.87,370107.87,2.13
2013-11-05,17.06,17.53,17.47,16.59,342981.47,0.4,2.34,17.476,17.476,17.476,363066.11,363066.11,363066.11,1.8
2013-11-04,17.18,17.77,17.07,16.91,325392.28,-0.16,-0.93,17.478,17.478,17.478,368087.27,368087.27,368087.27,1.71
2013-11-01,16.98,17.57,17.23,16.55,297785.0,0.0,0.0,17.613,17.613,17.613,382318.94,382318.94,382318.94,1.56
2013-10-31,17.83,17.95,17.23,17.11,413737.53,-1.15,-6.26,17.805,17.805,17.805,424585.91,424585.91,424585.91,2.17
2013-10-30,17.9,18.92,18.38,17.76,435434.28,0.53,2.97,18.38,18.38,18.38,435434.28,435434.28,435434.28,2.29
